full_name,stars,age_years,releases_count,size,cbo_mean,cbo_median,dit_mean,dit_median,lcom_mean,lcom_median,loc,classes_count
alibaba/nacos,32056,7,85,66831,"5,29","3,00","1,25","1,00","23,16","0,00",185329,4009
binarywang/WxJava,31924,9,30,18700,"5,25","4,00","1,21","1,00","20,33","0,00",112939,5084
apache/kafka,30921,14,0,258617,"7,34","4,00","1,29","1,00","63,15","0,00",674057,8462
ityouknow/spring-boot-examples,30608,8,0,1074,"4,46","4,00","1,04","1,00","5,46","0,00",3109,215
chinabugotech/hutool,30077,11,153,70597,"3,02","2,00","1,25","1,00","102,20","0,00",131789,2656
apolloconfig/apollo,29656,9,41,56697,"6,88","5,00","1,26","1,00","14,99","0,00",33499,737
keycloak/keycloak,29625,12,88,554797,"6,41","4,00","1,37","1,00","73,27","3,00",513361,8679
alibaba/canal,29373,12,32,24182,"5,40","3,00","1,32","1,00","77,57","1,00",111942,1046
xuxueli/xxl-job,29323,9,39,37871,"3,90","3,00","1,13","1,00","20,67","0,00",8823,169
conductor-oss/conductor,29182,1,26,29647,"7,53","5,00","1,26","1,00","91,69","0,00",63229,833
wuyouzhuguli/SpringAll,28961,7,0,1069,"5,09","4,00","1,13","1,00","3,79","0,00",5149,320
alibaba/spring-cloud-alibaba,28763,7,48,55812,"5,63","5,00","1,11","1,00","30,05","0,00",18755,586
alibaba/druid,28194,13,51,91726,"4,95","4,00","1,83","2,00","230,30","0,00",339825,5839
lenve/vhr,27946,7,0,8480,"4,37","2,00","1,02","1,00","48,33","6,00",2971,94
DrKLO/Telegram,27542,11,95,602045,"6,51","3,00","1,62","1,00","79,93","0,00",1708301,13603
crossoverJie/JCSprout,27068,7,0,1191,"1,92","1,00","1,09","1,00","1,77","0,00",4399,162
qiurunze123/miaosha,26512,7,0,65716,"3,58","3,00","1,14","1,00","13,28","0,00",7117,250
ashishps1/awesome-system-design-resources,26035,1,0,2249,"0,82","1,00","1,00","1,00","0,00","0,00",336,11
apache/incubator-seata,25806,6,44,29317,"6,15","4,00","1,73","1,00","520,97","2,00",233989,3648
alibaba/fastjson,25750,13,84,15513,"1,81","1,00","1,50","1,00","126,12","0,00",206496,6327
JakeWharton/butterknife,25482,12,0,3909,"3,55","2,00","1,21","1,00","10,89","0,00",7472,259
apache/flink,25274,11,0,530362,"6,86","4,00","1,54","1,00","34,95","1,00",1133057,24323
scwang90/SmartRefreshLayout,25154,8,14,274026,"6,34","3,00","1,41","1,00","30,32","0,00",18145,341
proxyee-down-org/proxyee-down,24869,7,49,26864,"4,62","4,00","1,47","1,00","19,52","2,00",3392,60
OpenAPITools/openapi-generator,24849,7,73,930617,"4,84","3,00","1,26","1,00","91,44","1,00",234890,3636
greenrobot/EventBus,24763,13,7,1742,"2,84","2,00","1,68","1,00","9,05","0,00",5269,183
bazelbuild/bazel,24566,11,212,980542,"7,30","5,00","1,57","1,00","68,11","1,00",587170,10627
apache/skywalking,24524,9,62,173336,"5,86","4,00","1,33","1,00","5,51","0,00",93183,2869
yuliskov/SmartTube,24507,5,917,100424,"6,14","4,00","1,45","1,00","65,96","1,00",238102,3210
jenkinsci/jenkins,24441,14,445,167620,"5,97","4,00","1,84","2,00","46,17","0,00",184184,4093
Netflix/Hystrix,24400,12,79,9799,"2,59","1,00","1,36","1,00","20,25","0,00",62010,2005
libgdx/libgdx,24351,13,14,1106381,"4,74","3,00","1,60","1,00","3543,71","0,00",286191,3970
CodePhiliaX/Chat2DB,24265,2,43,18843,"5,82","4,00","1,23","1,00","16,49","0,00",35180,1045
google/gson,24051,10,12,13708,"2,89","1,00","1,27","1,00","20,58","0,00",34451,1077
redisson/redisson,24033,11,173,31670,"5,54","3,00","1,28","1,00","175,75","0,00",154546,2642
doocs/source-code-hunter,22966,5,0,99490,"0,00","0,00","1,00","1,00","0,00","0,00",5,1
iBotPeaches/Apktool,22916,13,27,333709,"4,93","4,00","1,57","2,00","51,00","1,00",12392,182
alibaba/Sentinel,22907,7,25,8384,"3,84","3,00","1,17","1,00","12,60","0,00",54152,1474
EnterpriseQualityCoding/FizzBuzzEnterpriseEdition,22783,12,0,340,"2,81","2,00","1,00","1,00","0,23","0,00",894,91
apache/rocketmq,22098,8,22,44208,"6,31","3,00","1,27","1,00","121,82","1,00",215361,2859
dataease/dataease,21887,4,98,317402,"4,75","3,00","1,13","1,00","27,77","0,00",42741,1099
google/ExoPlayer,21876,11,28,484242,"7,15","5,00","1,26","1,00","52,25","0,00",262250,3279
elunez/eladmin,21790,6,1,7461,"7,40","5,00","1,16","1,00","6,20","0,00",8063,282
LSPosed/LSPosed,21576,4,39,21605,"4,82","3,00","1,54","1,00","48,55","0,00",22736,423
kestra-io/kestra,21183,6,311,74722,"8,02","6,00","1,37","1,00","14,96","0,00",66374,1918
CarGuo/GSYVideoPlayer,21105,8,53,338373,"4,47","2,00","1,28","1,00","55,36","0,00",31928,636
brettwooldridge/HikariCP,20718,11,0,5027,"3,74","3,00","1,27","1,00","172,67","0,00",11464,185
kunal-kushwaha/DSA-Bootcamp-Java,20667,4,0,101640,"1,29","1,00","1,08","1,00","3,53","1,00",6584,250
apache/shardingsphere,20452,9,58,674091,"6,68","4,00","1,29","1,00","28,27","0,00",201455,7859
didi/DoKit,20388,7,14,58616,"4,09","2,00","1,30","1,00","71,77","0,00",80480,1569
mybatis/mybatis-3,20231,12,46,158277,"3,41","2,00","1,20","1,00","20,95","0,00",60434,1744
ReactiveX/RxAndroid,20082,11,20,1051,"2,15","1,00","1,13","1,00","3,09","0,00",1452,55
linlinjava/litemall,19922,7,8,24591,"4,32","3,00","1,13","1,00","1532,88","1,00",90884,617
yudaocode/SpringBoot-Labs,19862,7,0,1813,"4,20","4,00","1,06","1,00","1,43","0,00",15943,1325
xiaojieonly/Ehviewer_CN_SXJ,19727,4,107,13648,"6,08","4,00","1,58","1,00","68,42","1,00",74646,910
dianping/cat,18936,12,3,114117,"5,36","4,00","1,40","1,00","23,15","1,00",97319,1881
Baseflow/PhotoView,18871,13,5,16896,"4,42","3,00","1,36","1,00","24,60","0,00",1792,45
antlr/antlr4,18348,15,31,70508,"5,29","3,00","1,60","1,00","48,30","0,00",41027,662
williamfiset/Algorithms,18225,8,0,1274506,"2,50","2,00","1,05","1,00","16,23","3,00",32422,462
Tencent/APIJSON,18197,8,110,73373,"5,04","2,00","1,24","1,00","1165,57","6,00",13844,70
dromara/Sa-Token,18160,5,38,8793,"4,04","3,00","1,15","1,00","63,77","1,00",26365,715
ashishps1/awesome-low-level-design,18027,1,0,15657,"2,53","2,00","1,14","1,00","3,05","0,00",14591,792
LMAX-Exchange/disruptor,17987,12,14,10129,"4,12","3,00","1,23","1,00","25,88","0,00",13167,410
forezp/SpringCloudLearning,17974,8,0,582,"4,45","4,00","1,07","1,00","0,59","0,00",831,100
YunaiV/yudao-cloud,17863,6,32,45505,"7,70","6,00","1,21","1,00","16,08","0,00",91701,3792
Tencent/tinker,17555,9,60,7066,"3,79","2,00","1,65","1,00","26,58","0,00",34914,468
infinilabs/analysis-ik,17216,13,1,7719,"4,53","4,00","1,37","1,00","15,42","2,50",2571,38
justauth/JustAuth,17193,6,46,9643,"4,27","2,00","1,30","1,00","12,98","6,00",6054,198
facebook/fresco,17137,10,55,78742,"6,20","4,00","1,36","1,00","28,81","0,00",50168,1050
baomidou/mybatis-plus,17106,9,38,32042,"4,95","3,00","1,28","1,00","25,50","0,00",35017,982
ben-manes/caffeine,17038,10,71,109718,"4,40","3,00","1,54","1,00","163,17","0,00",85095,1336
material-components/material-components-android,16954,8,112,180488,"6,81","4,00","1,39","1,00","92,01","1,00",114475,2058
nostra13/Android-Universal-Image-Loader,16931,13,0,27133,"4,86","3,00","1,56","1,00","28,84","0,50",7434,140
alibaba/DataX,16813,7,7,22958,"3,99","3,00","1,44","1,00","22,65","0,00",81194,1222
winterbe/java8-tutorial,16778,11,0,149,"0,89","1,00","1,00","1,00","3,91","0,00",2081,88
shuzheng/zheng,16729,8,0,41267,"3,84","3,00","1,41","1,00","340,86","0,00",41742,509
heibaiying/BigData-Notes,16653,6,0,24052,"5,52","5,00","1,23","1,00","0,78","0,00",1905,73
JeffLi1993/springboot-learning-example,16558,8,0,407,"4,46","3,00","1,06","1,00","2,20","0,00",1213,89
gyoogle/tech-interview-for-developer,16545,6,0,6616,"1,31","1,00","1,00","1,00","0,92","0,00",636,13
prestodb/presto,16502,13,12,252571,"8,42","6,00","1,31","1,00","77,28","1,00",758287,12491
android-hacker/VirtualXposed,15827,7,50,49794,"3,27","2,00","2,70","2,00","14,70","0,00",47736,1453
dyc87112/SpringBoot-Learning,15789,9,0,34384,"4,37","4,00","1,03","1,00","1,43","0,00",2624,255
android10/Android-CleanArchitecture,15565,11,0,5191,"4,95","4,00","1,37","1,00","6,72","1,00",2260,105
mockito/mockito,15277,12,222,49494,"3,10","2,00","1,36","1,00","18,33","0,00",52190,2100
apache/hadoop,15263,11,0,599933,"7,05","4,00","1,51","1,00","69,76","0,00",1682974,22138
Konloch/bytecode-viewer,15215,10,61,648651,"3,69","2,00","1,85","1,00","13,69","0,00",21761,414
quarkusio/quarkus,14973,7,416,417252,"4,98","4,00","1,20","1,00","55,58","0,00",898476,31093
zhisheng17/flink-learning,14930,6,0,43620,"4,01","3,00","1,13","1,00","3,30","0,00",14454,592
apache/pulsar,14854,9,112,247869,"6,56","4,00","1,57","1,00","85,01","0,00",520454,7397
java-decompiler/jd-gui,14746,10,18,56989,"4,27","3,00","1,82","1,00","11,14","1,00",19303,406
elastic/logstash,14635,14,208,131846,"5,05","4,00","1,54","1,00","21,12","1,00",40405,860
eclipse-vertx/vert.x,14566,14,0,122301,"5,97","3,00","1,35","1,00","177,44","1,00",150508,1762
hdodenhof/CircleImageView,14532,11,0,1003,"11,00","5,00","2,33","2,00","178,67","0,00",360,3
supertokens/supertokens-core,14517,5,91,63845,"9,97","9,00","1,38","1,00","71,14","3,00",107469,974
Tencent/QMUI_Android,14515,8,35,21963,"4,76","2,00","1,35","1,00","35,34","0,00",58309,1066
alibaba/ARouter,14492,8,16,26589,"3,13","2,00","1,39","1,00","17,45","0,00",3165,98
arduino/Arduino,14427,15,37,1390211,"3,02","2,00","1,65","1,00","32,72","0,00",25793,450
apache/doris,14280,8,74,1144779,"8,20","5,00","1,45","1,00","119,56","1,00",602730,8288
theonedev/onedev,14261,6,430,228269,"5,57","4,00","1,29","1,00","26,03","0,00",329882,8210
zaproxy/zaproxy,14107,10,16,200888,"4,27","2,00","1,69","1,00","69,65","1,00",183106,2523
deeplearning4j/deeplearning4j,14099,11,0,764664,"8,17","6,00","2,01","2,00","55252,37","7,00",553668,5622
GoogleContainerTools/jib,14021,7,168,16759,"6,09","4,00","1,18","1,00","17,17","0,00",35237,700
Netflix/zuul,13892,12,29,6024,"6,04","4,00","1,47","1,00","24,89","1,00",21586,501
orhanobut/logger,13888,10,16,1873,"5,00","5,00","1,17","1,00","14,94","0,00",827,18
apache/dolphinscheduler,13834,6,53,219882,"6,26","5,00","1,34","1,00","11,45","0,00",97323,2765
apache/druid,13829,12,68,395195,"7,57","5,00","1,32","1,00","62,09","1,00",764674,14906
seaswalker/spring-analysis,13726,9,0,4951,"2,39","2,00","1,24","1,00","1,79","0,00",378,33
pinpoint-apm/pinpoint,13714,10,61,266696,"5,05","3,00","1,14","1,00","11,52","0,00",279672,8903
DuGuQiuBai/Java,13712,9,0,24346,"0,68","0,00","1,19","1,00","0,97","0,00",10232,600
sqshq/piggymetrics,13701,10,2,1512,"6,01","5,00","1,06","1,00","3,83","0,00",1881,99
JessYanCoding/AndroidAutoSize,13694,7,14,3131,"4,66","4,00","1,43","1,00","32,62","1,00",1709,47
Curzibn/Luban,13677,9,6,5029,"2,83","1,00","1,17","1,00","10,86","1,00",1088,29
lgvalle/Material-Animations,13660,10,0,8692,"4,27","2,00","1,36","1,00","4,76","0,00",1010,45
cryptomator/cryptomator,13641,11,193,25468,"8,06","6,00","1,37","1,00","18,51","1,00",17289,443
janishar/mit-deep-learning-book-pdf,13595,8,3,43571,"0,00","0,00","1,00","1,00","0,00","0,00",2,1
languagetool-org/languagetool,13575,12,0,5963481,"5,03","3,00","1,55","1,00","55,20","1,00",212981,2605
tink-crypto/tink,13554,11,21,61010,"6,69","5,00","1,24","1,00","30,10","1,00",82154,1464
LuckSiege/PictureSelector,13541,8,116,542078,"4,22","2,00","1,20","1,00","49,45","0,00",39103,737
Bigkoo/Android-PickerView,13480,10,0,6389,"3,12","1,00","1,15","1,00","15,49","0,00",4421,91
kekingcn/kkFileView,13320,7,16,664522,"5,93","5,00","1,05","1,00","167,28","1,00",9418,82
projectlombok/lombok,13278,16,0,81202,"3,52","2,00","1,30","1,00","24,96","0,00",65945,2030
macrozheng/mall-learning,13256,6,0,39420,"4,26","3,00","1,14","1,00","255,27","1,00",11784,184
ashishps1/awesome-leetcode-resources,13198,1,0,244,"1,18","1,00","1,00","1,00","4,73","0,00",360,11
youth5201314/banner,13033,9,0,11310,"5,62","4,00","1,79","2,00","47,68","1,00",2724,73
pxb1988/dex2jar,12908,10,8,8725,"4,92","3,00","1,49","1,00","21,13","0,00",41715,571
Netflix/conductor,12777,8,319,29469,"7,14","5,00","1,24","1,00","78,67","0,00",47052,664
facebook/stetho,12710,10,13,2392,"3,93","2,00","1,39","1,00","7,50","0,00",19241,588
codecentric/spring-boot-admin,12689,11,139,84480,"7,37","6,00","1,21","1,00","7,15","0,00",13698,463
google/guice,12677,11,19,125307,"3,00","2,00","1,27","1,00","8,45","0,00",84679,3880
alibaba/COLA,12657,7,11,3828,"4,12","3,00","1,27","1,00","5,27","0,00",9446,526
greenrobot/greenDAO,12626,13,8,7353,"4,23","3,00","1,51","1,00","47,45","1,00",18545,364
Netflix/eureka,12623,13,151,12489,"5,23","3,00","1,25","1,00","18,57","0,00",32879,742
macrozheng/mall-swarm,12611,5,3,54602,"3,72","3,00","1,23","1,00","1107,68","13,00",101601,763
apache/zookeeper,12598,16,0,150708,"5,15","3,00","1,82","1,00","36,86","0,00",122448,1753
zhihu/Matisse,12566,8,15,1991,"6,03","4,50","1,37","1,00","8,08","0,00",3418,76
metersphere/metersphere,12473,5,179,421490,"6,60","3,00","1,27","1,00","445,99","0,00",322032,3704
daimajia/AndroidViewAnimations,12472,11,9,297,"3,23","2,00","1,80","2,00","2,29","0,00",965,82
daimajia/AndroidSwipeLayout,12407,11,18,399,"3,59","2,00","1,28","1,00","58,91","0,00",2770,74
pagehelper/Mybatis-PageHelper,12341,11,15,5333,"4,76","5,00","1,28","1,00","29,64","0,00",7390,181
redis/jedis,12154,15,114,15817,"5,18","3,00","1,29","1,00","530,37","1,00",109769,1221
amitshekhariitbhu/android-interview-questions,12084,8,0,1516,"0,00","0,00","1,00","1,00","0,00","0,00",5,1
plantuml/plantuml,12082,14,60,444210,"6,72","5,00","1,46","1,00","36,50","1,00",186971,3936
Yalantis/uCrop,12043,9,20,64991,"5,91","3,00","1,36","1,00","28,91","1,00",4707,77
Tencent/matrix,11904,6,16,199709,"4,89","3,00","1,32","1,00","12,88","0,00",78476,1381
Tencent/VasSonic,11871,8,10,16215,"3,46","2,00","1,28","1,00","21,61","0,00",7421,111
Team-xManager/xManager,11857,4,51,4973,"2,00","2,00","1,02","1,00","4,73","0,00",21822,524
debezium/debezium,11845,9,0,69328,"6,31","4,00","1,45","1,00","55,72","1,00",210051,3376
grpc/grpc-java,11842,10,180,111108,"5,22","3,00","1,34","1,00","13,60","0,00",255859,5422
xpipe-io/xpipe,11633,2,122,55270,"5,89","4,00","1,42","1,00","18,83","1,00",61510,1481
code4craft/webmagic,11627,12,33,17436,"3,75","3,00","1,18","1,00","11,52","1,00",8720,342
opensearch-project/OpenSearch,11561,4,59,583829,"7,23","5,00","1,61","1,00","38,48","1,00",1267509,18829
OpenRefine/OpenRefine,11514,12,72,406636,"6,00","5,00","1,55","1,00","12,79","1,00",72956,1396
realm/realm-java,11484,13,0,65920,"4,03","2,00","1,20","1,00","51,96","0,00",110108,1904
careercup/CtCI-6th-Edition,11462,10,0,21487,"1,92","2,00","1,07","1,00","4,48","1,00",21093,609
gyf-dev/ImmersionBar,11449,8,0,325009,"5,56","4,00","1,66","2,00","159,25","3,00",7237,142
PaperMC/Paper,11415,9,0,120190,"6,66","5,00","1,44","1,00","111,83","1,00",160693,4165
newbee-ltd/newbee-mall,11394,5,0,36232,"4,36","2,00","1,07","1,00","34,91","4,00",3935,89
provectus/kafka-ui,11299,5,25,30382,"6,93","5,00","1,32","1,00","17,13","1,00",18139,513
jhy/jsoup,11243,15,20,6582,"4,57","3,00","1,75","1,00","240,08","1,00",38014,408
permissions-dispatcher/PermissionsDispatcher,11229,10,40,3009,"1,61","0,00","1,23","1,00","34,38","3,00",3184,119
mission-peace/interview,11213,11,0,1200,"2,01","2,00","1,04","1,00","3,41","1,00",27259,667
apereo/cas,11195,14,303,297617,"9,10","8,00","1,43","1,00","7,81","0,00",228285,8986
LawnchairLauncher/lawnchair,11135,8,30,657587,"9,77","5,00","1,50","1,00","97,27","1,00",248357,3244
beemdevelopment/Aegis,11130,9,72,23077,"6,47","4,00","1,64","1,00","22,87","1,00",24021,454
H07000223/FlycoTabLayout,11121,9,4,2620,"6,09","3,00","1,55","1,00","223,09","1,00",2730,33
lingochamp/FileDownloader,11113,9,65,40720,"3,64","2,00","1,68","1,00","42,01","1,00",14387,269
daniulive/SmarterStreaming,11113,9,0,6823341,"3,60","2,00","1,06","1,00","43,54","0,00",9143,150
jfeinstein10/SlidingMenu,11045,13,0,32085,"4,34","2,50","1,53","1,00","47,45","0,00",3085,74
datahub-project/datahub,11044,9,104,551930,"10,98","9,00","1,19","1,00","17,29","1,00",188623,3295
androidannotations/androidannotations,11036,13,0,22510,"5,37","4,00","1,54","1,00","26,19","1,00",28713,958
doocs/jvm,10971,7,0,66373,"0,00","0,00","1,00","1,00","0,00","0,00",5,1
microg/GmsCore,10936,11,41,13947,"5,63","5,00","1,64","2,00","14,23","0,00",54634,1809
ssssssss-team/spider-flow,10918,5,2,3382,"4,99","4,00","1,71","1,00","20,33","1,00",8748,161
square/javapoet,10870,12,0,1954,"3,54","2,00","1,15","1,00","129,29","0,00",7543,99
apple/pkl,10852,1,16,5870,"5,69","4,00","2,34","2,00","28,84","0,00",62578,1627
jwtk/jjwt,10847,11,9,3494,"4,19","3,00","1,56","1,00","25,83","1,00",16052,555
alibaba/vlayout,10773,8,34,1726,"4,94","2,00","1,51","1,00","72,54","0,00",14042,159
asLody/VirtualApp,10755,9,0,35179,"3,31","2,00","2,35","2,00","15,61","0,00",46624,1420
TooTallNate/Java-WebSocket,10737,15,19,4250,"3,10","2,00","1,46","1,00","36,62","6,00",12805,261
clojure/clojure,10717,15,0,18931,"2,88","0,00","1,39","1,00","130,39","0,00",46876,917
StarRocks/starrocks,10672,4,154,542865,"8,53","4,00","1,42","1,00","135,43","0,00",734980,9517
android-async-http/android-async-http,10631,14,3,3063,"5,18","4,00","1,49","1,00","45,88","3,00",7620,154
jeasonlzy/okhttp-OkGo,10603,9,14,84860,"5,25","4,00","1,42","1,00","19,45","0,00",13418,361
google/auto,10523,12,66,45069,"3,89","3,00","1,68","1,00","25,59","1,00",31941,1139
lipangit/JiaoZiVideoPlayer,10492,9,78,143896,"6,61","5,00","1,83","2,00","56,64","4,00",4511,69
tbruyelle/RxPermissions,10482,9,11,587,"4,65","2,00","1,10","1,00","10,10","0,00",876,20
Activiti/Activiti,10425,13,1961,130978,"5,40","4,00","1,39","1,00","89,50","1,00",155413,3403
zfile-dev/zfile,10391,6,67,40767,"6,36","4,00","1,25","1,00","9,45","0,00",12385,414
resilience4j/resilience4j,10363,10,35,8488,"6,60","5,00","1,41","1,00","18,99","1,00",61785,1592
JessYanCoding/MVPArms,10286,9,25,5963,"6,24","5,00","1,26","1,00","32,10","3,00",5986,149
awsdocs/aws-doc-sdk-examples,10207,9,0,255495,"6,91","5,00","1,04","1,00","6,15","1,00",80658,1641
JakeWharton/ViewPagerIndicator,10104,14,0,8657,"5,35","5,00","2,02","2,00","29,27","0,00",2947,66
signalapp/Signal-Server,10075,11,0,20175,"8,63","5,00","1,41","1,00","13,73","0,00",59914,1273
stanfordnlp/CoreNLP,9967,12,19,398489,"5,55","3,00","1,63","1,00","148,58","0,00",557599,4305
wasabeef/glide-transformations,9927,10,0,26509,"5,44","5,00","1,89","2,00","2,78","0,00",991,27
googlesamples/easypermissions,9914,9,12,635,"8,67","8,00","1,42","1,00","12,21","6,00",1705,33
paascloud/paascloud-master,9899,7,0,16083,"5,81","4,00","1,31","1,00","5,46","0,00",16209,735
uknownothingsnow/JsBridge,9889,10,0,659,"3,47","1,00","1,16","1,00","17,09","0,00",1160,32
SonarSource/sonarqube,9885,14,65,960731,"7,00","4,00","1,16","1,00","26,60","0,00",412302,8615
hackware1993/MagicIndicator,9802,9,12,54749,"4,50","4,00","1,30","1,00","26,94","3,00",4533,103
HarlonWang/AVLoadingIndicatorView,9770,9,1,14399,"2,97","1,00","1,42","1,00","6,75","0,00",2161,92
OpenFeign/feign,9737,12,39,10033,"4,48","3,00","1,68","1,00","13,56","0,00",35553,1192
YoKeyword/Fragmentation,9725,9,30,29343,"4,70","3,00","1,39","1,00","15,12","0,00",8981,284
xuchengsheng/spring-reading,9708,2,0,2808,"2,88","3,00","1,04","1,00","0,57","0,00",2958,269
lihengming/spring-boot-api-project-seed,9687,8,4,77,"5,00","4,00","1,27","1,00","9,73","0,00",484,15
perwendel/spark,9660,14,0,2503,"3,63","2,00","1,29","1,00","47,12","0,00",9588,221
ksoichiro/Android-ObservableScrollView,9650,10,0,13780,"4,62","3,00","1,62","2,00","7,50","0,00",12307,329
koral--/android-gif-drawable,9631,12,61,6065,"5,75","4,00","1,66","1,00","59,73","0,00",2920,64
bilibili/DanmakuFlameMaster,9600,12,5,3580,"4,53","3,00","1,51","1,00","47,51","1,00",12879,172
spinnaker/spinnaker,9581,11,15,192031,"6,39","5,00","1,36","1,00","14,30","0,00",235598,8159
liaohuqiu/android-Ultra-Pull-To-Refresh,9563,10,8,3474,"3,64","2,00","1,39","1,00","19,14","0,00",5476,161
MyCATApache/Mycat-Server,9552,10,7,19570,"4,29","3,00","1,29","1,00","78,49","0,00",92943,1291
umano/AndroidSlidingUpPanel,9497,12,8,2861,"4,94","2,00","1,35","1,00","132,00","0,00",2011,17
crossoverJie/cim,9443,7,9,35165,"4,62","3,00","1,22","1,00","5,74","0,00",5622,202
pockethub/PocketHub,9380,14,1,11945,"6,19","5,00","1,38","1,00","9,04","0,00",6980,212
apache/cassandra,9370,16,0,447690,"6,39","4,00","1,60","1,00","59,15","1,00",743796,12653
Justson/AgentWeb,9351,8,21,29032,"4,93","2,00","1,33","1,00","18,79","0,00",11320,256
seven332/EhViewer,9338,11,97,111228,"6,29","4,00","1,60","1,00","45,26","1,00",44372,601
huanghaibin-dev/CalendarView,9315,8,1,156814,"5,26","4,00","1,49","1,00","53,18","3,00",11557,176
json-path/JsonPath,9299,14,10,2694,"3,66","3,00","1,44","1,00","29,29","0,00",16468,368
spring-projects/spring-security,9298,13,232,89506,"7,14","5,00","1,23","1,00","10,50","0,00",272402,6702
GcsSloop/AndroidNote,9293,9,0,7036,"4,88","1,00","1,38","1,00","8,13","3,00",402,8
android/testing-samples,9277,10,0,12105,"5,51","5,00","1,37","1,00","2,65","0,00",1703,81
cats-oss/android-gpuimage,9129,12,0,1368,"2,82","2,00","1,78","2,00","11,30","0,00",6341,153
flyway/flyway,9106,12,268,1213822,"5,54","4,00","1,36","1,00","53,20","1,00",31247,726
didi/VirtualAPK,9042,8,4,1010,"4,57","3,00","1,60","1,00","17,58","1,00",7981,163
langchain4j/langchain4j,9025,2,52,19505,"5,48","4,00","1,15","1,00","17,42","1,00",129360,3166
apache/jmeter,9003,15,10,133766,"5,20","4,00","1,76","2,00","62,15","3,00",127359,1718
navasmdc/MaterialDesignLibrary,8971,10,3,8930,"4,30","3,00","1,55","1,00","6,76","0,00",2927,82
KunMinX/Jetpack-MVVM-Best-Practice,8951,5,0,10737,"4,44","3,00","1,43","1,00","12,00","0,00",3691,119
Freelander/Android_Data,8845,10,0,153,"2,00","2,00","1,00","1,00","3,00","3,00",116,2
nathanmarz/storm,8811,14,0,27015,"4,24","3,00","1,24","1,00","33,07","1,00",60552,851
java-native-access/jna,8802,14,0,702730,"4,86","3,00","2,52","2,00","44,94","0,00",106804,2365
laobie/StatusBarUtil,8800,9,0,9364,"3,76","3,00","1,36","1,00","22,55","0,00",1036,33
apache/seatunnel,8785,8,52,48181,"6,53","4,00","1,30","1,00","31,14","0,00",262251,4753
flowable/flowable-engine,8725,8,28,236602,"6,25","4,00","1,44","1,00","152,40","1,00",520422,8958
Blankj/awesome-java-leetcode,8713,8,0,512,"1,68","2,00","1,00","1,00","1,17","1,00",1772,72
chrisbanes/Android-PullToRefresh,8687,13,0,4286,"5,50","4,00","1,99","2,00","55,84","1,00",3567,82
karatelabs/karate,8665,8,54,26565,"5,53","4,00","1,19","1,00","115,47","1,00",40079,583
ybq/Android-SpinKit,8663,9,0,10241,"4,27","4,00","1,85","2,00","21,52","1,00",1812,71
apache/shenyu,8658,7,13,70234,"5,68","4,00","1,19","1,00","17,92","1,00",142033,3574
shwenzhang/AndResGuard,8624,9,4,8343,"3,44","2,00","1,52","1,00","23,29","2,00",6436,63
react-native-image-picker/react-native-image-picker,8591,10,142,3219,"6,09","4,00","1,55","2,00","66,18","1,00",811,11
chrisjenx/Calligraphy,8569,11,4,1523,"5,36","4,00","1,44","1,00","11,36","3,00",968,25
amitshekhariitbhu/Android-Debug-Database,8564,8,14,1639,"3,95","4,00","1,28","1,00","8,80","0,00",2393,61
airbnb/epoxy,8560,9,76,34091,"6,30","4,00","1,78","2,00","107,28","1,00",32541,551
dropwizard/dropwizard,8553,14,189,113634,"5,74","4,00","1,42","1,00","19,24","0,00",39828,1371
junit-team/junit4,8536,16,13,24413,"3,58","3,00","1,37","1,00","12,96","0,00",32946,1471
frohoff/ysoserial,8506,10,1,463,"4,49","2,50","1,34","1,00","8,89","1,00",3851,120
ZCShou/GoGoGo,8499,3,8,426456,"7,35","3,50","1,40","1,00","12,88","1,00",3813,48
google/tsunami-security-scanner,8461,5,27,1187,"5,88","4,00","1,37","1,00","14,75","0,50",8564,288
roughike/BottomBar,8388,9,4,40819,"4,62","2,00","1,29","1,00","61,67","0,00",2834,66
LSPosed/LSPatch,8386,4,9,10312,"4,05","2,00","1,28","1,00","23,88","0,00",7008,146
PojavLauncherTeam/PojavLauncher,8384,5,126,907941,"5,39","3,00","1,38","1,00","123,60","1,00",26970,401
hs-web/hsweb-framework,8382,9,30,34210,"5,90","4,00","1,29","1,00","11,18","0,00",24639,848
DImuthuUpe/AndroidPdfViewer,8364,9,0,2724,"4,67","1,00","1,25","1,00","76,79","0,00",3328,57
testcontainers/testcontainers-java,8326,10,85,14226,"4,86","4,00","1,43","1,00","22,06","1,00",30835,890
wildfirechat/im-server,8302,6,108,21912,"5,74","3,00","1,43","1,00","111,72","1,00",158401,1013
apache/beam,8298,9,53,887069,"7,08","5,00","1,49","1,00","19,62","0,00",727136,16226
apache/shardingsphere-elasticjob,8210,10,30,46074,"5,06","4,00","1,15","1,00","3,19","0,00",15586,596
pentaho/pentaho-kettle,8173,11,1,711948,"5,83","2,00","1,24","1,00","82,50","0,00",780789,11188
cabaletta/baritone,8157,7,85,16560,"5,52","4,00","1,32","1,00","22,11","1,00",22324,473
alibaba/atlas,8151,8,7,84497,"5,13","3,00","1,36","1,00","29,92","1,00",157496,2191
HMCL-dev/HMCL,8134,10,259,32731,"5,87","4,00","1,61","1,00","35,81","1,00",78449,1300
alibaba/transmittable-thread-local,8131,11,58,3619,"5,01","4,00","1,43","1,00","12,35","1,00",6932,155
alibaba/otter,8128,12,10,12042,"4,07","2,00","1,30","1,00","32,45","1,00",68163,1296
bytedeco/javacv,8123,11,13,7815,"5,70","4,00","1,74","1,00","133,99","1,00",26962,223
florent37/MaterialViewPager,8113,10,11,19557,"4,23","3,00","1,30","1,00","9,39","0,00",1616,44
aeron-io/aeron,8112,11,126,70977,"7,20","4,00","1,23","1,00","113,63","0,00",122620,1313
guolindev/LitePal,8102,12,0,5433,"4,36","3,00","1,64","1,00","49,45","0,00",11830,201
aritraroy/UltimateAndroidReference,8102,8,0,543,"1,00","1,00","1,00","1,00","0,00","0,00",22,1
davemorrissey/subsampling-scale-image-view,7988,12,21,57935,"5,14","3,50","1,43","1,00","79,72","0,00",4262,72
Netflix/SimianArmy,7987,13,4,15326,"5,46","4,00","1,33","1,00","25,16","3,00",16056,305
apache/iceberg,7975,6,31,104415,"7,89","5,00","1,51","1,00","36,39","2,00",313208,4543
junixapp/XPopup,7967,6,221,152978,"4,10","2,00","1,33","1,00","22,90","0,00",12348,305
apache/tomcat,7951,13,0,185297,"4,19","3,00","1,66","1,00","179,68","0,00",355837,4671
JakeWharton/hugo,7931,11,0,201,"5,57","7,00","1,14","1,00","27,71","6,00",384,7
dropwizard/metrics,7850,15,140,21134,"5,04","4,00","1,35","1,00","9,53","0,00",28510,688
HannahMitt/HomeMirror,7846,10,0,6207,"2,45","1,00","1,08","1,00","5,35","0,00",1719,66
software-mansion/react-native-svg,7836,9,124,91050,"6,27","5,00","2,30","1,00","87,94","1,00",13080,218
Graylog2/graylog2-server,7805,15,0,197588,"7,92","6,00","1,30","1,00","18,80","1,00",239376,7029
ChrisRM/material-theme-jetbrains,7791,9,17,148338,"3,72","2,00","1,85","2,00","84,42","1,00",14517,357
trello-archive/RxLifecycle,7693,10,22,897,"5,76","5,00","1,50","1,00","1,31","0,00",2338,80
krahets/LeetCode-Book,7685,3,0,858,"1,29","1,00","1,00","1,00","0,09","0,00",3121,258
goldze/MVVMHabit,7685,8,3,1298,"3,12","2,00","1,18","1,00","15,76","0,00",9110,319
vipshop/vjtools,7671,7,9,2108,"2,61","2,00","1,28","1,00","26,30","1,00",18382,379
lecho/hellocharts-android,7660,10,14,6126,"5,73","3,00","1,48","1,00","40,29","1,00",10995,153
Tencent/Shadow,7642,6,5,3644,"3,85","3,00","1,60","1,00","15,86","0,00",20324,646
gedoor/MyBookshelf,7624,7,165,27255,"5,37","3,00","1,35","1,00","58,66","1,00",48375,669
PowerJob/PowerJob,7591,5,51,19396,"5,41","4,00","1,18","1,00","5,14","0,00",24684,755
google/android-classyshark,7591,9,17,24865,"2,72","2,00","1,27","1,00","10,25","1,00",8714,212
google/closure-compiler,7570,11,0,186905,"6,46","5,00","1,48","1,00","1272,59","1,00",308300,2685
koush/AndroidAsync,7548,13,0,3720,"3,01","2,00","1,45","1,00","19,44","0,00",18086,543
jeecgboot/jimureport,7541,5,29,105008,"6,75","6,50","1,08","1,00","2,33","0,00",300,12
kaushikgopal/RxJava-Android-Samples,7527,11,0,1188,"6,55","2,00","1,58","1,00","9,20","3,00",2633,86
kevin-wayne/algs4,7503,10,0,2025,"2,88","2,00","1,02","1,00","47,47","0,00",22522,279
mapstruct/mapstruct,7502,13,35,11146,"3,71","2,00","1,15","1,00","10,47","0,00",95010,4579
yuanguangxin/LeetCode,7469,5,0,408,"1,24","1,00","1,00","1,00","0,84","0,00",3441,145
swagger-api/swagger-core,7456,14,121,22905,"4,61","3,00","1,22","1,00","49,71","0,00",42416,1476
enso-org/enso,7439,8,482,119252,"5,97","5,00","1,60","1,00","35,94","1,00",116001,2521
gunnarmorling/1brc,7432,1,0,2744,"3,18","3,00","1,09","1,00","7,58","1,00",53431,600
lenve/VBlog,7418,7,0,3841,"4,34","4,00","1,03","1,00","29,07","1,00",781,29
dyc87112/SpringCloud-Learning,7404,9,0,1265,"4,76","4,00","1,07","1,00","23,07","0,00",7100,195
abel533/Mapper,7370,10,8,2274,"4,10","3,00","1,22","1,00","36,32","0,00",19078,456
leolin310148/ShortcutBadger,7354,11,0,1231,"4,90","4,00","1,16","1,00","3,48","1,00",885,31
Qihoo360/RePlugin,7340,8,19,25372,"3,93","3,00","1,36","1,00","22,66","0,00",28481,443
MinecraftForge/MinecraftForge,7302,13,0,122972,"6,90","6,00","1,92","1,00","37,92","1,00",63139,1672
square/dagger,7301,13,0,6861,"2,69","2,00","1,21","1,00","5,91","0,00",8044,411
gocd/gocd,7297,11,86,412959,"7,22","4,00","1,23","1,00","37,49","0,00",267987,5406
Bearded-Hen/Android-Bootstrap,7269,11,5,11507,"6,05","3,00","1,48","1,00","31,39","2,00",10389,79
AntennaPod/AntennaPod,7254,13,62,113018,"6,89","5,00","1,43","1,00","21,51","1,00",51743,814
pedant/sweet-alert-dialog,7249,10,2,1694,"4,25","1,00","1,25","1,00","31,06","0,00",943,16
crazycodeboy/TakePhoto,7243,10,15,11513,"4,49","2,00","1,22","1,00","10,89","1,00",2403,55
Exrick/xmall,7234,8,0,110866,"4,17","3,00","1,20","1,00","711,86","13,00",31129,253
geeeeeeeeek/WeChatLuckyMoney,7224,9,20,660,"5,33","3,00","1,38","1,00","8,81","1,00",931,21
cymcsg/UltimateRecyclerView,7202,10,9,7153,"4,84","2,00","1,47","1,00","41,39","0,00",16083,382
dependency-check/DependencyCheck,7193,13,85,296516,"6,33","5,00","1,68","2,00","60,21","3,00",41219,491
google/agera,7167,9,16,968,"5,43","4,00","1,24","1,00","14,84","0,00",10897,290
NanoHttpd/nanohttpd,7163,13,3,1375,"3,98","3,00","1,77","1,00","22,16","1,00",7106,144
didi/KnowStreaming,7143,5,23,200024,"6,72","4,00","1,52","1,00","10,32","0,00",31517,934
ogaclejapan/SmartTabLayout,7097,10,0,14671,"5,87","4,00","1,51","1,00","9,71","1,00",1912,45
Genymobile/gnirehtet,7088,8,12,1036,"3,32","2,00","1,19","1,00","14,30","1,00",4330,81
JakeWharton/ActionBarSherlock,7075,14,32,21244,"5,86","3,00","1,66","1,00","63,40","0,00",26463,427
Alluxio/alluxio,7069,12,61,205633,"6,56","4,00","1,39","1,00","30,67","1,00",252441,4026
naman14/Timber,7058,10,5,17485,"4,69","3,00","1,43","1,00","19,75","0,00",21859,453
AutoMQ/automq,7054,2,70,167102,"6,78","4,00","1,27","1,00","45,37","0,00",669040,9235
google/error-prone,7040,11,58,154633,"7,57","5,00","1,48","1,00","26,03","0,00",107241,3075
NLPchina/elasticsearch-sql,7033,11,272,8902,"9,01","6,00","1,61","1,00","190,20","1,00",32893,276
h2pl/JavaTutorial,7029,7,1,4933,"0,33","0,00","1,00","1,00","0,33","0,00",14,3
rest-assured/rest-assured,7025,14,0,11577,"4,59","3,00","1,19","1,00","106,02","0,00",28601,704
mrniko/netty-socketio,6998,13,19,2254,"4,71","2,00","1,27","1,00","33,02","0,00",6233,169
wiremock/wiremock,6981,13,51,47981,"5,30","4,00","1,31","1,00","74,05","1,00",52641,1299
DroidPluginTeam/DroidPlugin,6961,10,2,1859,"2,83","2,00","4,00","3,00","3,70","0,00",22301,786
alibaba/jvm-sandbox,6922,8,13,1874,"2,82","1,00","1,30","1,00","12,36","0,00",14407,435
exadel-inc/CompreFace,6894,5,11,566295,"7,68","5,00","1,31","1,00","3,89","0,00",7766,333
hongyangAndroid/okhttputils,6860,10,0,17152,"3,74","2,50","1,46","1,00","6,20","0,00",1961,70
jd-opensource/joyagent-jdgenie,6858,0,1,90698,"4,43","4,00","1,09","1,00","4,30","0,00",5079,135
Meituan-Dianping/walle,6846,8,1,528,"2,90","2,00","1,15","1,00","8,71","0,00",4554,92
macrozheng/springcloud-learning,6839,6,0,261,"4,25","3,00","1,03","1,00","55,94","0,00",3286,174
rabbitmq/rabbitmq-tutorials,6806,14,0,5565,"4,52","4,00","1,00","1,00","2,41","1,00",1419,46
junit-team/junit-framework,6793,10,97,38768,"4,48","3,00","1,29","1,00","36,40","0,00",98448,3424
zo0r/react-native-push-notification,6787,9,35,1688,"6,24","4,00","1,24","1,00","15,48","0,00",1884,29
smuyyh/BookReader,6783,9,0,31940,"3,95","2,00","1,32","1,00","25,32","0,00",30914,699
Angel-ML/angel,6776,8,19,93586,"6,94","4,00","1,60","2,00","63,42","0,00",205066,1902
spring-projects/spring-ai,6749,2,3,88930,"7,04","5,00","1,18","1,00","27,30","1,00",119108,2710
guardianproject/haven,6724,8,37,24387,"6,66","4,00","1,39","1,00","11,77","1,00",4561,79
markzhai/AndroidPerformanceMonitor,6724,9,0,1077,"3,08","2,00","1,29","1,00","9,51","0,00",1931,51
fuzhengwei/itstack-demo-design,6717,5,0,1827,"2,03","2,00","1,12","1,00","5,51","0,00",3803,206
getActivity/AndroidProject,6716,6,17,89374,"6,05","3,00","1,47","1,00","19,18","1,00",20468,358
gzu-liyujiang/AndroidPicker,6712,9,57,28197,"4,77","2,00","1,32","1,00","51,72","0,00",13541,239
zouzg/mybatis-generator-gui,6710,9,16,14934,"6,54","5,00","1,46","1,00","69,95","3,00",3047,39
527515025/springBoot,6702,8,0,868,"4,98","4,00","1,17","1,00","17,33","0,00",5704,229
hongyangAndroid/AndroidAutoLayout,6675,9,0,7466,"5,35","4,50","1,94","2,00","8,81","8,00",2370,78
Meituan-Dianping/Leaf,6669,6,0,149,"3,30","1,50","1,43","1,00","11,25","0,00",1305,40
Col-E/Recaf,6655,8,170,60015,"7,96","5,50","1,51","1,00","26,96","1,00",72017,1534
apache/storm,6653,11,5,156334,"5,13","3,00","1,20","1,00","48,84","1,00",359099,4386
yanzhenjie/AndPermission,6644,9,0,1665,"3,72","3,00","1,17","1,00","7,49","0,00",4486,168
apache/hertzbeat,6614,3,6,337138,"6,80","5,00","1,23","1,00","10,44","0,00",61917,1452
raphw/byte-buddy,6609,11,304,1006594,"5,36","4,00","1,47","1,00","14,87","0,00",286228,6150
quartz-scheduler/quartz,6608,9,5,26725,"4,61","3,00","1,37","1,00","120,08","1,00",34629,499
GrenderG/Toasty,6597,8,19,977,"3,50","1,50","1,06","1,00","56,63","0,00",487,16
apache/zeppelin,6559,10,0,108431,"5,49","3,00","1,21","1,00","43,11","1,00",190038,2103
JesusFreke/smali,6535,12,0,9535,"5,31","4,00","1,55","1,00","15,02","1,00",46762,1152
NLPchina/ansj_seg,6530,13,3,352518,"4,95","3,00","1,20","1,00","9,80","0,00",11331,209
jOOQ/jOOQ,6521,14,105,279743,"9,41","7,00","1,56","1,00","1671,00","3,00",222453,3311
MuntashirAkon/AppManager,6520,5,76,79860,"7,32","5,00","1,42","1,00","73,96","1,00",126685,1561
FongMi/TV,6518,3,0,341000,"5,10","3,00","1,38","1,00","89,08","1,00",26169,590
processing/processing,6504,12,48,1648017,"2,86","1,00","1,58","1,00","507,76","0,00",110008,922
ximsfei/Android-skin-support,6504,8,0,54130,"5,82","5,00","1,60","2,00","21,33","1,00",11814,234
getActivity/XXPermissions,6490,7,72,86664,"5,71","3,00","1,32","1,00","86,44","1,00",8952,194
traccar/traccar,6460,13,63,24226,"5,30","4,00","1,69","2,00","5,93","0,00",67605,1803
wxiaoqi/Spring-Cloud-Platform,6434,8,3,212466,"4,53","3,00","1,36","1,00","57,65","0,00",6014,177
ArthurHub/Android-Image-Cropper,6425,10,32,26047,"7,40","4,00","1,38","1,00","70,38","0,00",4655,40
vinc3m1/RoundedImageView,6424,12,19,8746,"8,40","9,00","1,80","2,00","107,47","0,00",1265,15
pig-mesh/pig,6419,6,19,39098,"6,71","5,00","1,30","1,00","5,33","0,00",7543,380
hazelcast/hazelcast,6392,13,200,407630,"7,55","5,00","1,61","1,00","44,83","1,00",1103085,16786
AsyncHttpClient/async-http-client,6391,14,7,19154,"4,86","3,00","1,51","1,00","41,50","1,00",29573,579
aa112901/remusic,6359,9,0,115952,"4,60","2,00","1,41","1,00","41,65","0,00",47786,845
vespa-engine/vespa,6351,9,239,465966,"5,64","4,00","1,47","1,00","37,91","1,00",597276,11453
sshahine/JFoenix,6344,10,0,28243,"6,69","4,00","1,54","1,00","22,08","1,00",24546,425
joelittlejohn/jsonschema2pojo,6333,12,63,12231,"6,13","5,00","1,13","1,00","77,69","0,00",14294,271
wasabeef/richeditor-android,6331,10,0,2898,"1,70","1,00","1,14","1,00","46,95","0,00",804,43
micronaut-projects/micronaut-core,6302,7,311,108845,"5,55","4,00","1,27","1,00","36,30","0,00",174343,4879
amitshekhariitbhu/from-java-to-kotlin,6293,8,0,265,"0,50","0,50","1,00","1,00","0,00","0,00",37,2
koush/ion,6274,12,0,11832,"4,15","3,00","1,44","1,00","23,60","0,00",9443,289
648540858/wvp-GB28181-pro,6271,4,1,68218,"7,95","5,00","1,28","1,00","35,13","0,00",47139,749
lightbend/config,6260,13,3,4689,"4,94","3,00","2,00","1,00","76,18","0,00",13186,200
haifengl/smile,6259,10,34,257985,"5,22","4,00","1,33","1,00","103,72","1,00",100975,1334
hibernate/hibernate-orm,6239,14,111,298764,"6,62","5,00","1,34","1,00","76,39","1,00",1067515,25497
apache/flink-cdc,6227,5,22,43939,"7,71","5,00","1,41","1,00","30,02","1,00",115299,1887
ityouknow/spring-cloud-examples,6225,8,0,76,"3,74","4,00","1,02","1,00","0,60","0,00",326,47
gephi/gephi,6207,13,19,657151,"4,18","3,00","1,64","1,00","24,68","0,00",125587,2389
logisim-evolution/logisim-evolution,6196,10,31,115430,"5,16","4,00","2,25","2,00","28,23","1,00",161654,1905
DerekYRC/mini-spring,6194,4,0,1088,"3,14","2,00","1,16","1,00","5,08","0,00",2472,149
Javen205/IJPay,6174,8,24,25427,"4,99","4,00","1,36","1,00","151,50","0,00",11489,245
jetlinks/jetlinks-community,6155,5,20,71016,"8,51","6,00","1,27","1,00","11,76","1,00",60428,1842
google/grafika,6134,11,1,1092,"6,00","4,00","1,74","2,00","6,89","0,00",10035,103
auth0/java-jwt,6129,11,45,1553,"4,97","3,00","1,35","1,00","142,74","1,00",8924,86
nayuki/QR-Code-generator,6123,9,5,1389,"3,68","3,00","1,42","1,00","19,58","1,00",1823,19
ikew0ng/SwipeBackLayout,6123,12,0,2934,"5,00","3,00","1,33","1,00","61,33","3,00",1635,18
apache/incubator-kie-drools,6119,14,6,309903,"6,15","4,00","1,41","1,00","65,42","1,00",766286,11860
apache/iotdb,6108,6,47,327147,"7,67","5,00","1,41","1,00","106,51","1,00",754542,8663
daimajia/NumberProgressBar,6106,11,3,158,"3,17","0,50","1,33","1,00","91,83","0,00",380,6
rengwuxian/MaterialEditText,6099,10,19,1260,"5,38","2,00","1,31","1,00","742,85","0,00",3385,26
Vedenin/useful-java-links,6061,9,0,2324,"2,22","2,00","1,02","1,00","1,89","0,00",5814,254
LaurieWired/GhidraMCP,6050,0,5,180,"16,33","4,00","1,67","2,00","459,00","3,00",1219,3
alipay/SoloPi,6043,6,8,272397,"3,40","2,00","1,17","1,00","13,14","0,00",56327,1170
LandGrey/SpringBootVulExploit,6036,5,0,135,"3,36","3,00","1,00","1,00","3,57","0,00",258,14
singwhatiwanna/dynamic-load-apk,6030,11,0,8956,"5,77","3,00","1,44","1,00","9,42","0,00",2620,62
google/j2objc,6029,11,1,105694,"3,27","1,00","1,75","1,00","116,08","0,00",922382,10508
pedrovgs/EffectiveAndroidUI,6015,11,0,994,"4,25","3,00","1,34","1,00","11,62","1,00",1923,73
graphhopper/graphhopper,6009,13,45,138534,"6,30","4,00","1,21","1,00","33,00","1,00",98846,1359
rey5137/material,5988,10,10,3901,"5,99","3,00","1,56","1,00","54,50","1,00",27346,305
google/physical-web,5982,10,17,33447,"4,21","2,00","1,28","1,00","26,71","0,00",7481,156
vavr-io/vavr,5975,11,19,23017,"6,52","4,00","1,16","1,00","1070,46","1,00",67695,698
obsidiandynamics/kafdrop,5971,6,50,2940,"5,36","3,00","1,32","1,00","28,21","0,00",4215,100
robolectric/robolectric,5967,15,110,64930,"5,76","4,00","1,35","1,00","72,47","0,00",223628,3975
wyouflf/xUtils3,5967,9,9,9041,"4,06","3,00","1,32","1,00","27,45","2,00",12561,218
btraceio/btrace,5957,11,33,17816,"4,28","4,00","1,23","1,00","93,13","0,00",40898,763
liyifeng1994/ssm,5956,9,0,12364,"4,16","2,00","1,68","1,00","2,05","1,00",369,19
apache/camel,5955,16,0,1123663,"4,64","3,00","1,49","1,00","79,84","1,00",1859224,41503
javaparser/javaparser,5943,13,55,45755,"8,40","5,00","1,63","1,00","189,96","0,00",117247,1920
springfox/springfox,5941,13,12,186279,"5,46","3,00","1,12","1,00","23,24","0,00",32063,1134
apache/hudi,5939,8,31,2153619,"8,66","5,00","1,47","1,00","60,68","1,00",301401,4487
prolificinteractive/material-calendarview,5925,10,22,4823,"6,13","4,00","1,49","1,00","69,01","0,00",3658,88
google/google-java-format,5922,10,35,2177,"5,19","3,00","1,38","1,00","66,80","1,00",12753,165
antoniolg/androidmvp,5918,11,0,327,"3,29","2,00","1,29","1,00","3,00","0,00",274,14
apache/pinot,5901,11,21,339564,"7,00","4,00","1,38","1,00","52,60","1,00",558068,7056
CeuiLiSA/Pixiv-Shaft,5897,6,114,177915,"3,73","2,00","1,24","1,00","25,09","0,00",36025,1033
weibocom/motan,5896,9,28,4696,"5,11","4,00","1,34","1,00","32,72","1,00",46901,844
journeyapps/zxing-android-embedded,5891,12,9,8388,"5,19","3,00","1,32","1,00","21,92","1,00",5169,96
ZhongFuCheng3y/austin,5890,3,0,20073,"5,95","5,00","1,12","1,00","1,45","0,00",6538,348
WeiYe-Jing/datax-web,5889,5,5,43670,"4,44","3,00","1,31","1,00","13,24","0,00",13801,317
opengoofy/hippo4j,5885,4,18,23733,"4,22","3,00","1,17","1,00","5,85","0,00",29570,1171
lets-blade/blade,5878,10,9,3385,"3,96","3,00","1,18","1,00","42,16","0,00",15319,307
alibaba/spring-ai-alibaba,5861,1,10,196652,"5,87","4,00","1,16","1,00","21,90","0,00",154265,3124
amitshekhariitbhu/Fast-Android-Networking,5845,9,10,2865,"2,83","2,00","1,18","1,00","13,79","1,00",19591,574
JSQLParser/JSqlParser,5813,14,37,13746,"5,81","3,00","1,39","1,00","513,75","1,00",46459,815
youtube/api-samples,5807,11,0,816,"5,86","6,50","1,00","1,00","4,38","0,00",2541,42
ffay/lanproxy,5805,8,1,9573,"3,67","2,00","1,19","1,00","8,21","0,00",2668,63
Nightonke/BoomMenu,5804,9,0,103934,"4,68","3,00","1,49","1,00","227,67","0,00",7710,115
changmingxie/tcc-transaction,5796,9,8,7095,"4,89","3,00","1,26","1,00","29,74","1,00",23664,519
apache/hive,5792,16,0,742888,"6,68","4,00","1,35","1,00","94,13","1,00",2006585,20361
yarolegovich/DiscreteScrollView,5788,8,2,33353,"3,81","2,00","1,25","1,00","19,11","0,00",3698,105
JakeWharton/DiskLruCache,5774,13,0,416,"3,25","2,50","1,33","1,00","11,00","3,00",1937,12
dmytrodanylyk/circular-progress-button,5772,11,3,1029,"3,38","1,00","1,28","1,00","25,33","0,00",1429,39
TeamAmaze/AmazeFileManager,5764,11,66,62215,"6,54","3,00","1,39","1,00","28,97","1,00",31802,441
Nepxion/Discovery,5743,7,132,247850,"4,43","3,00","1,25","1,00","19,18","0,00",24347,769
jeequan/jeepay,5733,8,0,6560,"8,28","7,00","1,54","2,00","4,29","0,00",17168,550
k0shk0sh/FastHub,5727,8,63,19973,"7,45","5,00","1,36","1,00","34,76","1,00",40321,934
Devlight/InfiniteCycleViewPager,5725,9,2,279,"4,93","3,00","1,63","2,00","102,54","0,00",3564,41
jpush/aurora-imui,5716,8,42,11470,"4,35","2,00","1,38","1,00","50,56","0,00",17778,340
yanzhenjie/SwipeRecyclerView,5705,9,0,29347,"4,86","3,00","1,56","1,00","25,61","0,00",5857,145
dromara/lamp-cloud,5688,7,0,52021,"7,65","7,00","1,28","1,00","7,19","0,00",18668,815
springside/springside4,5685,13,3,4837,"2,67","2,00","1,28","1,00","24,78","1,00",12842,315
apache/nifi,5678,10,0,286983,"7,02","4,00","1,38","1,00","55,95","1,00",626537,9852
jagrosh/MusicBot,5669,9,38,7798,"5,49","4,00","1,87","2,00","10,59","1,00",4097,93
wasabeef/Blurry,5662,10,0,2286,"5,00","3,50","1,00","1,00","0,64","0,00",636,14
JakeWharton/u2020,5661,11,0,9385,"6,02","4,00","1,36","1,00","23,79","0,00",4799,133
crazycodeboy/react-native-splash-screen,5660,9,12,3912,"3,33","2,00","1,25","1,00","2,00","0,50",246,12
hanks-zyh/HTextView,5649,9,0,9880,"3,84","2,00","1,43","1,00","3,48","0,00",3076,91
redis/lettuce,5640,11,135,27511,"5,93","4,00","1,33","1,00","166,45","0,00",109317,2020
Suwayomi/Suwayomi-Server,5636,4,58,82366,"5,17","2,00","1,44","1,00","1509,54","1,00",40995,408
ZHENFENG13/spring-boot-projects,5636,8,0,14626,"4,27","3,00","1,08","1,00","9,65","1,00",2431,96
daimajia/AndroidImageSlider,5617,11,5,2165,"4,02","2,00","1,57","1,00","59,10","1,00",3813,63
JanusGraph/janusgraph,5616,8,28,60719,"6,44","4,00","1,37","1,00","43,90","1,00",104266,1896
meefik/linuxdeploy,5609,13,37,53204,"6,35","4,00","1,65","2,00","35,89","3,00",2693,37
ElderDrivers/EdXposed,5604,6,27,12036,"4,95","3,00","1,42","1,00","191,08","1,00",71794,920
TommyLemon/Android-ZBLibrary,5597,10,25,32789,"4,09","2,00","1,28","1,00","26,67","0,00",14727,318
hongyangAndroid/FlowLayout,5595,10,0,910,"4,12","3,00","1,38","1,00","5,00","0,00",810,34
amlcurran/ShowcaseView,5579,13,13,15237,"5,22","5,00","1,40","1,00","17,82","0,00",2086,65
baidu/uid-generator,5561,8,0,390,"2,72","1,00","1,28","1,00","11,72","1,00",873,25
knightliao/disconf,5553,11,12,8619,"3,94","2,00","1,26","1,00","12,62","0,00",14009,425
nhaarman/ListViewAnimations,5544,12,14,25513,"6,01","5,00","1,69","2,00","10,46","0,00",5697,137
00-Evan/shattered-pixel-dungeon,5502,11,52,183014,"5,12","3,00","1,99","2,00","13,92","1,00",158805,2680
danikula/AndroidVideoCache,5497,10,20,116062,"4,22","3,00","1,47","1,00","14,32","1,00",3217,77
emilsjolander/StickyListHeaders,5493,13,16,3866,"4,72","2,00","1,33","1,00","3,98","0,00",2112,43
wuhaoyu1990/MagicCamera,5491,9,0,17476,"3,04","2,00","1,48","1,00","6,46","0,00",12898,319
sockeqwe/mosby,5476,10,15,26564,"4,99","3,00","1,34","1,00","9,64","0,00",17138,662
alibaba/jetcache,5475,8,67,3844,"5,18","3,00","1,46","1,00","15,91","0,00",18021,446
scribejava/scribejava,5467,15,9,2624,"3,10","2,00","1,32","1,00","10,94","1,00",12671,494
alibaba/freeline,5458,9,22,75385,"3,24","2,00","1,58","1,00","9,21","1,00",4988,132
KeepSafe/TapTargetView,5456,9,24,4429,"4,21","2,00","1,13","1,00","49,90","0,00",1965,39
201206030/novel,5456,5,12,99479,"4,31","2,00","1,06","1,00","20,49","0,00",4544,202
dm77/barcodescanner,5449,11,6,10971,"4,86","2,00","1,45","1,00","11,82","0,00",2796,73
Jasonchenlijian/FastBle,5447,9,9,35234,"4,34","2,00","1,30","1,00","26,07","0,00",4713,105
motianhuo/wechat,5436,10,0,96503,"4,80","2,50","1,38","1,00","14,99","0,00",18495,328
ddd-by-examples/library,5432,6,0,48023,"6,69","5,00","1,04","1,00","5,43","0,00",1770,123
facebookarchive/rebound,5415,11,10,23623,"3,90","2,00","1,32","1,00","34,93","0,00",4095,87
apache/dubbo-spring-boot-project,5404,7,13,1557,"7,01","6,00","1,17","1,00","12,20","0,00",1835,87
socketio/socket.io-client-java,5404,12,7,2402,"1,43","0,00","1,08","1,00","4,25","0,00",5639,229
apache/hbase,5391,11,47,502443,"7,90","4,00","1,42","1,00","69,47","1,00",945824,11525
houbb/sensitive-word,5383,5,2,5658,"2,51","2,00","1,16","1,00","20,79","0,00",4145,225
microsoft/typespec,5382,4,285,79492,"8,73","7,00","1,13","1,00","24,23","1,00",174224,4169
strimzi/strimzi-kafka-operator,5376,9,155,84292,"9,91","7,00","1,43","1,00","45,92","1,00",119713,1435
mik3y/usb-serial-for-android,5376,12,33,945,"5,61","3,00","1,32","1,00","38,97","1,00",8172,66
Evernote/android-job,5371,10,31,1860,"5,99","4,00","1,73","1,00","32,01","1,00",10693,189
facebookarchive/shimmer-android,5365,10,5,4787,"8,57","9,00","1,86","2,00","18,00","10,00",885,7
spring-projects/spring-data-examples,5356,11,0,17728,"2,60","2,00","1,01","1,00","0,46","0,00",50878,6617
ikarus23/MifareClassicTool,5355,12,8,7555,"10,27","8,00","1,79","2,00","106,03","3,00",6633,33
jgilfelt/SystemBarTint,5354,11,3,1099,"8,00","7,00","1,78","2,00","22,56","1,00",807,9
commonsguy/cw-omnibus,5349,13,36,75165,"5,36","4,00","1,84","2,00","21,25","0,00",68315,1816
h6ah4i/android-advancedrecyclerview,5335,10,1,9111,"6,08","4,00","1,96","2,00","32,02","0,00",20692,395
coobird/thumbnailator,5328,10,0,11405,"3,22","2,00","1,24","1,00","93,55","0,00",19559,223
XRecyclerView/XRecyclerView,5319,9,0,6529,"3,44","1,00","1,40","1,00","9,04","0,00",5151,166
osmandapp/OsmAnd,5316,14,1,1071318,"8,28","5,00","1,47","1,00","106,86","1,00",682508,6016
mybatis/generator,5311,12,11,61824,"5,99","4,00","1,70","2,00","88,09","3,00",68036,644
google/google-authenticator,5305,10,0,2433,"3,72","2,00","1,64","1,00","29,66","1,00",3935,61
LFDT-web3j/web3j,5303,9,119,11576,"3,87","2,00","1,48","1,00","35,27","0,00",43107,1262
evant/gradle-retrolambda,5290,12,37,609,"4,33","3,00","1,04","1,00","2,21","0,00",615,24
xxv/android-lifecycle,5271,11,0,3027,"6,33","6,50","1,67","2,00","151,67","190,00",481,6
CaffeineMC/sodium,5271,5,40,7801,"5,53","4,00","1,38","1,00","13,48","1,00",26026,662
yixia/VitamioBundle,5268,12,0,186316,"4,27","2,00","1,32","1,00","75,07","0,00",6501,101
CodingDocs/springboot-guide,5252,6,0,5354,"3,92","3,00","1,20","1,00","1,38","0,00",1270,115
zfdang/Android-Touch-Helper,5250,4,112,156765,"3,67","2,00","1,18","1,00","1,95","0,00",2257,55
alibaba/QLExpress,5246,8,18,3469,"4,75","3,00","1,38","1,00","38,99","2,00",12297,330
lingochamp/okdownload,5245,7,8,8129,"5,55","3,00","1,25","1,00","35,35","0,00",18933,342
cinit/QAuxiliary,5244,3,48,8498,"6,11","4,00","1,32","1,00","42,23","1,00",41565,519
thinkaurelius/titan,5241,13,0,91250,"5,36","3,00","1,30","1,00","20,51","1,00",71163,1594
Yalantis/Side-Menu.Android,5240,10,2,1048,"3,78","2,00","1,22","1,00","4,11","0,00",449,18
razerdp/BasePopup,5233,9,15,20627,"4,86","3,00","1,45","1,00","34,29","1,00",28287,568
Doikki/DKVideoPlayer,5230,8,32,90266,"4,59","2,00","1,47","1,00","46,75","0,00",18446,377
rubenlagus/TelegramBots,5227,9,108,3956,"10,23","11,00","1,53","1,00","10,17","0,00",20378,754
liquibase/liquibase,5226,14,103,218600,"6,53","4,00","1,60","2,00","65,45","3,00",98891,1742
lucasr/twoway-view,5223,12,0,2554,"5,96","4,00","1,63","1,00","86,59","1,00",3688,51
huangyanbin/smartTable,5219,7,44,63951,"4,15","2,00","1,18","1,00","25,93","0,00",14165,364
GeyserMC/Geyser,5219,6,0,33547,"7,76","6,00","1,55","1,00","34,55","1,00",59730,1209
Karumi/Dexter,5215,9,33,2928,"4,05","2,50","1,20","1,00","4,15","0,00",2197,80
pmd/pmd,5211,13,108,537312,"5,26","4,00","1,70","2,00","43,51","1,00",146561,4075
Clans/FloatingActionButton,5206,10,14,3389,"4,38","2,00","1,38","1,00","139,68","0,00",2805,47
dunwu/db-tutorial,5206,8,0,13001,"5,01","4,00","1,18","1,00","32,61","0,00",11203,209
citerus/dddsample-core,5201,10,0,8533,"6,60","5,00","1,09","1,00","7,03","0,00",4639,157
remkop/picocli,5197,8,86,84865,"2,84","2,00","1,11","1,00","59,38","0,00",94846,2911
tonikelope/megabasterd,5196,8,208,85025,"2,42","1,00","1,47","1,00","85,72","0,00",20673,201
hustcc/JS-Sorting-Algorithm,5186,8,0,3636,"3,58","3,00","1,00","1,00","2,83","0,50",389,12
android/views-widgets-samples,5160,6,0,63755,"3,93","2,00","1,75","1,50","6,14","0,00",6727,136
j-easy/easy-rules,5152,12,10,1776,"4,88","4,00","1,30","1,00","7,63","1,00",4857,162
careercup/ctci,5147,12,0,2169,"1,76","2,00","1,12","1,00","5,10","1,00",11244,311
novicezk/midjourney-proxy,5146,2,0,5870,"5,51","5,00","1,24","1,00","5,81","0,00",2787,90
square/otto,5145,13,0,703,"2,25","1,00","1,39","1,00","3,55","0,00",1987,85
Fuzion24/JustTrustMe,5143,11,1,434,"2,56","1,00","1,19","1,00","2,70","0,00",598,27
reactor/reactor-core,5139,9,212,66031,"6,32","6,00","1,48","1,00","122,14","1,00",201521,2234
bitcoinj/bitcoinj,5137,11,14,27851,"5,74","3,00","1,70","1,00","89,38","0,00",46004,622
brianfrankcooper/YCSB,5136,15,55,32680,"6,70","3,00","1,56","1,00","7,85","0,00",22395,236
LWJGL/lwjgl3,5127,12,21,131247,"6,53","6,00","2,24","2,00","971,12","91,00",1086521,9925
runelite/runelite,5114,9,0,92138,"3,53","1,00","1,20","1,00","25,85","0,00",476717,3794
hneemann/Digital,5112,9,35,39655,"4,57","3,00","1,62","1,00","13,25","0,00",76080,1817
fast-excel/fesod,5111,0,5,29617,"5,78","5,00","1,27","1,00","29,69","1,00",22134,623
CellularPrivacy/Android-IMSI-Catcher-Detector,5099,11,48,11276,"4,80","3,00","1,31","1,00","4,96","0,00",12171,251
zhanglei-workspace/shopping-management-system,5098,9,0,4353,"3,27","2,00","1,34","1,00","81,08","3,00",4956,91
jindrapetrik/jpexs-decompiler,5088,11,172,298682,"5,64","3,00","1,80","1,00","57,67","1,00",345689,4053
diffplug/spotless,5085,10,35,21206,"4,16","3,00","1,56","1,00","13,79","1,00",36551,899
natario1/CameraView,5083,8,42,30122,"4,98","2,00","1,33","1,00","34,76","0,00",21155,534
deathmarine/Luyten,5083,12,17,5857,"1,86","1,00","1,54","1,00","15,45","0,00",6750,129
oshi/oshi,5079,13,165,337514,"4,50","3,00","1,57","1,00","31,75","1,00",36137,668
sofastack/sofa-boot,5062,7,82,4868,"4,94","3,00","1,18","1,00","17,82","0,00",32830,1181
OpenTSDB/opentsdb,5062,15,27,41493,"6,19","4,00","1,27","1,00","64,88","0,00",104636,958
spring-projects/spring-authorization-server,5050,5,78,6445,"9,17","6,00","1,38","1,00","16,78","0,00",37135,675
wequick/Small,5049,9,25,7023,"3,51","2,00","1,45","1,00","20,17","0,00",7726,185
baomidou/dynamic-datasource,5048,7,18,1181,"4,56","3,00","1,14","1,00","2,40","0,00",5112,171
xuexiangjys/XUI,5041,6,23,279853,"5,44","3,00","1,45","1,00","52,71","1,00",91066,1657
Exrick/xpay,5039,7,0,12147,"6,00","5,00","1,00","1,00","93,43","1,00",1449,21
killbill/killbill,5029,12,150,681617,"8,33","5,00","1,48","1,00","28,25","1,00",150948,2443
youlookwhat/DesignPattern,5021,8,0,4512,"2,37","1,00","1,28","1,00","1,43","0,00",2603,197
jankotek/mapdb,5016,13,0,10247,"2,95","2,00","1,95","1,00","81,85","0,00",20198,263
Trinea/android-common,5014,13,1,1253,"3,59","2,00","1,23","1,00","43,06","1,00",6707,110
yipianfengye/android-zxingLibrary,5013,9,0,10170,"4,44","3,00","1,29","1,00","5,63","0,00",2018,52
tianshiyeben/wgcloud,5012,6,29,48558,"5,45","2,00","1,22","1,00","29,04","3,00",5442,105
rubensousa/GravitySnapHelper,5002,9,14,83050,"6,38","4,50","1,75","1,50","57,88","1,00",610,8
2227324689/gpmall,4999,6,0,56925,"4,59","3,00","1,32","1,00","8,17","0,00",8865,424
line/armeria,4998,9,261,279403,"6,14","4,00","1,28","1,00","33,54","0,00",294009,6387
youlookwhat/CloudReader,4994,8,26,95448,"3,69","2,00","1,29","1,00","19,41","0,00",19393,492
DingMouRen/LayoutManagerGroup,4992,7,0,45688,"4,90","3,00","1,57","2,00","9,14","0,00",2285,63
orhanobut/dialogplus,4987,10,9,6790,"4,97","2,00","1,03","1,00","57,86","0,00",1047,29
spring-attic/spring-mvc-showcase,4987,14,0,765,"5,14","5,00","1,21","1,00","9,45","0,00",1281,58
apache/ignite,4984,10,0,468148,"5,39","3,00","1,49","1,00","493,88","0,00",1135125,21113
killme2008/aviatorscript,4982,14,52,13204,"4,58","3,00","1,50","1,00","60,98","1,00",37362,524
alibaba/UltraViewPager,4977,8,10,8873,"5,26","2,00","1,39","1,00","60,91","0,00",1513,23
JodaOrg/joda-time,4976,14,50,12937,"6,33","5,00","1,85","2,00","295,29","10,00",91613,557
frogermcs/InstaMaterial,4968,10,1,4531,"4,49","2,00","1,44","1,00","9,94","0,00",2223,80
bisq-network/bisq,4954,11,142,936413,"7,10","4,00","1,51","1,00","30,01","0,00",178718,3716
Devlight/NavigationTabBar,4947,9,13,389,"3,72","2,00","1,31","1,00","57,50","0,50",2538,58
react-native-linear-gradient/react-native-linear-gradient,4943,10,18,2251,"5,33","4,50","1,67","1,50","11,28","2,00",479,18
amitshekhariitbhu/RxJava2-Android-Samples,4940,9,0,499,"3,58","2,00","1,25","1,00","6,29","0,00",3992,185
apache/calcite,4938,11,0,108095,"7,16","5,00","1,61","1,00","383,92","1,00",367195,5648
spring-cloud/spring-cloud-netflix,4933,11,24,20914,"7,13","6,00","1,21","1,00","85,81","0,00",8510,264
PBH-BTN/PeerBanHelper,4926,1,146,104612,"6,18","4,00","1,27","1,00","15,53","0,00",21614,503
roncoo/roncoo-pay,4922,9,0,18383,"4,44","3,00","1,24","1,00","63,97","3,00",19589,387
lugg/react-native-config,4921,9,30,3856,"4,31","3,50","1,50","1,00","2,38","1,00",288,16
Docile-Alligator/Infinity-For-Reddit,4918,7,182,30199,"6,58","3,00","1,49","1,00","30,85","1,00",95160,1587
traex/RippleEffect,4914,10,0,833,"3,32","2,00","1,37","1,00","23,16","0,00",504,19
querydsl/querydsl,4909,14,35,51728,"4,81","3,00","1,67","1,00","42,90","0,00",98636,3232
javastacks/spring-boot-best-practice,4909,6,0,236,"4,74","4,00","1,09","1,00","3,12","0,00",1968,176
Ramotion/folding-cell-android,4901,9,0,26341,"4,00","2,00","1,33","1,00","13,38","0,00",812,21
DiUS/java-faker,4899,14,0,6147,"2,46","2,00","1,45","1,00","40,75","0,00",6710,225
cglib/cglib,4876,11,15,4944,"2,72","1,00","1,36","1,00","261,80","0,00",17670,498
orientechnologies/orientdb,4874,12,225,294626,"6,18","4,00","1,44","1,00","309,38","1,00",449938,5049
rstudio/rstudio,4866,14,0,1028318,"4,56","2,00","1,24","1,00","352,18","0,00",227864,7007
react-native-webrtc/react-native-webrtc,4862,9,81,431980,"5,70","3,00","1,15","1,00","8,72","0,00",4086,67
reactive-streams/reactive-streams-jvm,4860,11,0,1846,"2,50","2,00","1,22","1,00","20,34","0,00",15738,459
Sayi/poi-tl,4859,10,14,102730,"5,33","3,00","1,19","1,00","89,66","0,00",22801,525
allure-framework/allure2,4859,9,80,15117,"5,68","4,00","1,29","1,00","11,63","1,00",8050,268
fuzhengwei/small-spring,4852,4,0,10594,"2,79","2,00","1,29","1,00","15,36","0,00",8228,262
nextcloud/android,4850,9,262,533107,"8,57","4,00","1,55","1,00","115,15","1,00",46598,502
mcxiaoke/packer-ng-plugin,4826,9,1,1458,"2,77","2,00","1,39","1,00","18,65","1,00",1776,31
andkulikov/Transitions-Everywhere,4805,10,23,1247,"6,63","5,00","1,67","1,00","28,10","0,00",8849,174
claritylab/lucida,4800,11,0,1352332,"5,27","3,00","1,54","1,00","23,84","1,00",23105,264
mock-server/mockserver,4794,12,0,51966,"6,79","4,00","1,41","1,00","95,82","1,00",65134,1109
TheoKanning/openai-java,4788,5,22,547,"5,25","4,00","1,08","1,00","15,55","0,00",2783,165
saiwu-bigkoo/Android-ConvenientBanner,4771,10,0,12540,"4,72","3,00","1,38","1,00","7,79","1,00",848,29
ronmamo/reflections,4768,12,3,1064,"2,42","1,00","1,15","1,00","13,66","0,00",4782,197
apache/maven,4766,16,26,88751,"5,41","3,00","1,51","1,00","46,40","1,00",163512,3653
tuguangquan/mybatis,4765,10,0,50815,"3,58","2,00","1,21","1,00","21,47","0,00",39118,1039
etsy/AndroidStaggeredGrid,4751,11,7,878,"5,72","3,00","1,86","1,50","155,89","0,50",4010,36
kyleduo/SwitchButton,4747,11,0,12162,"4,27","2,00","1,42","1,00","85,65","0,00",1538,26
nisrulz/android-tips-tricks,4745,9,0,34266,"1,00","1,00","1,00","1,00","0,00","0,00",22,1
spring-cloud/spring-cloud-gateway,4741,8,36,14370,"6,45","5,00","1,30","1,00","16,39","0,00",40846,1219
firebase/FirebaseUI-Android,4735,10,66,28830,"8,35","6,00","1,50","1,00","12,34","1,00",13274,284
hongyangAndroid/baseAdapter,4720,10,0,724,"4,78","3,00","1,28","1,00","18,28","0,00",1563,50
google/cameraview,4719,9,0,256,"4,67","3,00","1,25","1,00","12,13","0,00",2983,72
zq2599/blog_demos,4715,8,0,247898,"3,89","2,00","1,16","1,00","15,36","0,00",51572,1791
hansonwang99/Spring-Boot-In-Action,4715,6,0,15827,"3,72","3,00","1,15","1,00","4,67","0,00",1932,109
micrometer-metrics/micrometer,4710,8,273,38363,"5,39","4,00","1,26","1,00","19,86","0,00",80807,1935
spring-attic/spring-security-oauth,4703,14,0,7273,"5,82","3,00","1,49","1,00","13,48","0,00",33764,947
zlt2000/microservices-platform,4703,6,30,300854,"6,14","5,00","1,21","1,00","6,37","0,00",7608,349
jgilfelt/chuck,4700,8,5,1899,"5,38","4,00","1,38","1,00","58,85","1,00",1488,39
pardom-zz/ActiveAndroid,4677,12,0,18083,"4,69","3,00","1,87","2,00","22,08","3,00",3158,62
gsantner/markor,4673,8,76,38915,"5,99","3,00","1,38","1,00","132,82","1,00",28782,327
saysky/ForestBlog,4670,7,0,52149,"4,80","3,00","1,07","1,00","12,69","0,00",2437,86
SPLWare/esProc,4669,3,0,1182395,"5,95","4,00","1,81","2,00","97,74","1,00",426806,2650
cjlin1/libsvm,4660,12,0,9740,"3,26","1,50","1,35","1,00","19,62","0,00",3152,34
stleary/JSON-java,4660,14,24,3035,"2,79","1,00","1,19","1,00","361,08","3,00",12228,91
wdullaer/MaterialDateTimePicker,4657,10,54,2001,"6,43","4,50","1,46","1,00","132,74","1,00",7372,70
TGX-Android/Telegram-X,4647,4,5,46309,"8,56","4,00","1,34","1,00","544,43","1,00",420517,2885
Heeexy/SpringBoot-Shiro-Vue,4646,7,0,423,"5,19","5,00","1,41","1,00","9,44","0,00",633,27
gabrielemariotti/cardslib,4644,11,27,30628,"5,35","3,00","1,61","1,00","18,62","0,00",32257,811
deepjavalibrary/djl,4642,5,35,49378,"5,97","4,00","1,34","1,00","132,73","3,00",96638,1666
bytedeco/javacpp,4640,11,13,11494,"5,32","4,00","1,87","2,00","151,14","1,00",27026,215
romandanylyk/PageIndicatorView,4638,9,14,33988,"5,15","4,00","1,44","1,00","22,81","1,00",3532,72
oracle/opengrok,4635,12,293,513944,"4,89","3,00","1,34","1,00","78,88","1,00",70623,1128
bepass-org/oblivion,4620,1,12,3316,"4,93","4,00","1,38","1,00","11,62","0,50",2641,58
SuperMonster003/AutoJs6,4618,3,20,310100,"4,82","3,00","1,42","1,00","37,28","1,00",111255,1765
Netflix/ribbon,4618,12,41,3543,"3,97","2,00","1,23","1,00","13,69","0,00",21608,689
981011512/--,4617,5,0,17068,"3,48","2,00","2,89","2,00","440,43","0,00",338075,5069
apache/rocketmq-externals,4608,8,0,36288,"5,51","4,00","1,24","1,00","16,45","0,00",11795,275
yasserg/crawler4j,4604,13,3,1186,"4,86","4,00","1,31","1,00","55,89","1,00",4736,83
SplashCodes/JAViewer,4604,9,10,2335,"5,26","4,00","1,51","1,00","11,65","0,00",6309,179
angryip/ipscan,4590,14,31,116939,"4,30","3,00","1,56","1,00","4,15","0,00",12598,383
chewiebug/GCViewer,4588,13,5,6761,"4,23","3,00","1,94","1,00","49,04","1,00",20453,291
ReVanced/revanced-patches,4586,1,673,89187,"3,90","2,00","1,31","1,00","18,07","0,00",19442,431
CalebFenton/simplify,4585,11,9,103553,"7,95","7,00","1,25","1,00","20,74","0,00",21150,311
dromara/dynamic-tp,4579,3,19,18257,"4,56","3,00","1,25","1,00","18,17","0,00",18149,548
puniverse/quasar,4578,12,18,80585,"3,01","2,00","1,37","1,00","36,00","0,00",52770,1349
rememberber/WePush,4578,8,58,47382,"5,20","2,00","1,58","1,00","25,15","1,00",22791,276
chentao0707/SimplifyReader,4566,10,0,62804,"4,15","2,00","1,27","1,00","60,29","0,00",34709,632
javagrowing/JGrowing,4564,6,0,2987,"1,53","1,00","1,00","1,00","1,95","1,00",329,19
zhanghai/Douya,4558,9,11,25350,"5,19","4,00","1,48","1,00","28,40","1,00",44643,1244
charles2gan/GDA-android-reversing-Tool,4557,7,40,82285,"2,56","2,50","1,00","1,00","57,38","0,00",567,16
objectbox/objectbox-java,4556,8,48,3295,"4,66","3,00","1,64","1,00","104,18","0,00",24347,390
discord-jda/JDA,4556,9,111,38411,"8,24","6,00","1,48","1,00","127,27","3,00",62413,1343
go-lang-plugin-org/go-lang-idea-plugin,4549,15,21,34753,"7,78","6,00","1,74","2,00","110,03","3,00",45363,1132
square/sqlbrite,4546,10,9,754,"4,49","2,00","1,35","1,00","4,30","0,00",3329,106
danielzeller/Depth-LIB-Android-,4543,9,0,3656,"3,61","2,00","1,21","1,00","13,48","0,00",3766,107
jdamcd/android-crop,4536,11,6,2835,"4,00","1,00","1,32","1,00","26,48","0,00",1676,31
JZ-Darkal/AndroidHttpCapture,4534,8,1,5850,"4,35","2,00","1,39","1,00","37,00","0,00",15900,317
zhkl0228/unidbg,4532,6,15,592048,"4,75","3,00","1,39","1,00","26,63","0,00",90597,1722
booklore-app/booklore,4532,0,91,40493,"7,79","5,00","1,04","1,00","11,59","0,00",22339,582
alibaba/dexposed,4531,10,0,1875,"2,92","2,00","1,69","1,00","82,83","0,00",2414,36
hussien89aa/AndroidTutorialForBeginners,4531,8,0,688,"4,21","4,00","1,54","1,00","2,58","0,00",3214,115
ant-media/Ant-Media-Server,4520,8,64,1203737,"5,41","2,00","1,29","1,00","183,49","1,00",107438,1189
castorflex/SmoothProgressBar,4520,11,9,15681,"4,31","2,00","1,23","1,00","26,31","0,00",2208,48
Flipboard/bottomsheet,4517,10,10,363,"4,69","2,50","1,35","1,00","27,66","0,00",2578,68
tiann/epic,4517,8,5,558,"2,50","2,00","1,42","1,00","30,40","1,00",5127,149
azkaban/azkaban,4515,12,48,57554,"6,09","4,00","1,29","1,00","35,84","1,00",93837,1283
phishman3579/java-algorithms-implementation,4511,11,0,1487,"3,20","3,00","1,57","1,00","7,05","0,00",31758,439
HotBitmapGG/bilibili-android-client,4492,9,1,113179,"4,55","3,00","1,57","1,00","42,79","3,00",38892,559
zongzibinbin/MallChat,4490,2,0,2144,"5,92","5,00","1,20","1,00","4,44","0,00",9260,444
JakeWharton/NineOldAndroids,4477,13,0,1207,"3,97","2,00","1,42","1,00","30,14","0,00",7585,138
Meituan-Dianping/Robust,4458,8,13,26253,"3,40","2,00","1,26","1,00","17,36","3,50",2953,42
h2database/h2database,4449,10,23,91696,"5,19","3,00","1,71","2,00","176,35","3,00",231123,1674
linhaojun857/aurora,4447,3,0,5261,"7,04","5,00","1,12","1,00","7,26","0,00",4956,299
janishar/android-mvp-architecture,4445,8,0,6144,"5,00","3,00","1,27","1,00","14,11","0,00",4049,146
square/android-times-square,4437,12,0,1541,"3,74","2,00","1,23","1,00","25,87","0,00",2286,47
dreamhead/moco,4427,12,1,6078,"4,92","4,00","1,40","1,00","34,66","1,00",17542,577
water8394/flink-recommandSystem-demo,4423,6,0,4692,"3,42","2,00","1,08","1,00","5,39","0,00",1657,71
Tencent/GT,4414,9,3,21307,"3,26","2,00","1,26","1,00","13,72","0,00",55590,1046
jacoco/jacoco,4411,13,49,11717,"3,92","2,00","1,39","1,00","12,65","0,00",36775,938
airbnb/DeepLinkDispatch,4407,10,24,2819,"6,28","5,00","1,48","1,00","88,64","0,00",8549,25
IoT-Technology/IoT-Technical-Guide,4405,6,0,1361,"4,00","3,00","1,24","1,00","3,16","0,00",5235,294
Freeyourgadget/Gadgetbridge,4404,10,0,60912,"5,12","3,00","1,63","2,00","38,69","0,00",242946,4395
apache/shiro,4403,16,14,31452,"4,67","3,00","1,37","1,00","19,84","1,00",36600,1017
robinhood/ticker,4389,9,9,1681,"4,42","3,00","1,29","1,00","27,61","0,00",1581,31
flutter-webrtc/flutter-webrtc,4376,7,133,540991,"6,41","3,00","1,22","1,00","36,66","0,00",8277,90
Ashok-Varma/BottomNavigation,4364,9,16,3928,"7,37","5,50","1,43","1,00","69,27","4,50",2091,30
awangdev/leet-code,4360,10,0,7522,"1,91","1,50","1,00","1,00","0,98","0,00",2245,90
pytorch/serve,4349,5,24,126138,"5,09","3,00","1,43","1,00","64,15","3,00",18640,250
eirslett/frontend-maven-plugin,4322,12,0,2198,"4,99","3,00","1,54","1,00","7,05","1,00",3717,99
kermitt2/grobid,4319,13,22,1774373,"4,28","3,00","1,22","1,00","133,95","0,00",63537,563
mywalkb/LSPosed_mod,4314,3,10,21897,"4,89","3,00","1,51","1,00","50,54","0,00",23956,444
jeasonlzy/ImagePicker,4313,9,5,21059,"5,36","3,00","1,41","1,00","23,08","0,00",3685,76
bingoogolapple/BGARefreshLayout-Android,4308,10,4,7569,"4,43","3,00","1,28","1,00","9,80","1,00",5450,162
crate/crate,4297,12,139,166432,"7,23","5,00","1,54","1,00","48,88","1,00",438466,7558
Snailclimb/guide-rpc-framework,4284,5,0,4403,"4,23","3,00","1,21","1,00","1,19","0,00",2306,95
ThirtyDegreesRay/OpenHub,4281,8,31,10128,"5,23","3,00","1,37","1,00","32,93","1,00",24549,656
mcxiaoke/android-volley,4278,12,0,952,"4,64","3,00","1,79","1,00","15,82","0,00",4965,132
bjmashibing/InternetArchitect,4274,5,0,298764,"4,30","3,00","1,18","1,00","63,16","0,00",29488,525
failsafe-lib/failsafe,4273,10,0,1613,"4,82","4,00","1,54","1,00","19,18","1,00",10026,238
brianway/java-learning,4272,9,0,800,"1,02","1,00","1,29","1,00","0,60","0,00",10984,753
ongakuer/CircleIndicator,4270,11,7,4407,"6,33","5,00","1,62","2,00","8,51","1,00",1712,45
aporter/coursera-android,4264,11,0,22558,"4,12","3,00","1,63","2,00","4,07","0,00",14710,470
grantland/android-autofittextview,4260,14,1,1190,"5,38","4,00","1,38","1,00","40,75","1,50",470,8
jitsi/jitsi,4260,12,7,579418,"4,93","2,00","1,74","1,00","39,45","0,00",196138,3210
201206030/novel-plus,4259,5,34,46830,"6,23","3,00","1,23","1,00","48,76","1,00",14710,388
google/open-location-code,4250,10,5,4823,"4,45","3,00","1,18","1,00","4,55","0,00",2295,67
camunda/camunda-bpm-platform,4241,12,0,165875,"5,98","4,00","1,42","1,00","86,78","1,00",543107,10656
s4kibs4mi/java-developer-roadmap,4228,6,0,4941,"0,00","0,00","1,00","1,00","0,00","0,00",5,1
mybatis/spring-boot-starter,4217,9,32,15490,"4,47","3,00","1,21","1,00","16,18","0,00",4431,175
jboss-javassist/javassist,4215,12,24,30583,"3,37","1,00","1,55","1,00","43,95","0,00",83216,1109
ChadCSong/ShineButton,4214,9,2,2526,"4,75","2,00","1,54","1,00","23,63","0,00",988,24
nining377/dolby_beta,4211,5,37,101223,"3,39","3,00","1,25","1,00","7,95","1,00",7302,185
microsoft/malmo,4201,9,21,28834,"6,37","5,00","1,97","2,00","12,85","1,00",19130,278
apache/streampark,4200,6,15,48810,"7,12","5,00","1,25","1,00","18,97","0,00",23717,561
yhaolpz/FloatWindow,4197,7,9,1002,"3,16","1,00","1,27","1,00","9,73","1,00",1473,44
hugeterry/CoordinatorTabLayout,4197,8,0,11528,"5,47","3,00","1,47","1,00","10,67","0,00",462,15
codingapi/tx-lcn,4196,7,14,14551,"4,85","4,00","1,17","1,00","6,70","0,00",7686,210
powermock/powermock,4191,11,16,5949,"3,18","2,00","1,24","1,00","22,99","0,00",32298,1241
tencentmusic/supersonic,4190,2,15,87166,"6,04","4,00","1,24","1,00","46,12","0,00",46359,1135
Jacksgong/JKeyboardPanelSwitch,4190,10,14,24090,"4,82","3,00","1,30","1,00","7,38","0,00",1736,50
zendesk/maxwell,4186,10,214,29483,"5,73","4,00","1,54","1,00","32,14","0,00",17755,312
aws/aws-sdk-java,4178,15,0,6761486,"6,78","6,00","1,18","1,00","123,25","1,00",8601503,170079
bingoogolapple/BGABanner-Android,4178,10,0,40655,"4,53","3,00","1,58","2,00","26,28","1,00",2123,53
oddfar/campus-imaotai,4158,2,11,3073,"5,66","4,00","1,33","1,00","20,38","1,00",7728,218
alibaba/fastjson2,4153,3,58,130497,"2,53","2,00","1,17","1,00","284,26","0,00",411988,9481
pedrovgs/AndroidWiFiADB,4148,9,8,3109,"2,63","1,00","1,50","1,00","12,13","0,00",1096,30
dromara/hmily,4143,7,0,3787,"5,06","4,00","1,21","1,00","10,76","0,00",26833,848
geoserver/geoserver,4137,13,62,332473,"6,97","4,00","1,63","1,00","43,92","1,00",761972,12239
karma9874/AndroRAT,4128,5,0,40789,"2,89","2,00","1,16","1,00","1,38","0,00",1793,55
dinuscxj/LoadingDrawable,4116,9,0,13846,"6,20","4,00","1,45","1,00","15,83","1,00",4428,65
alibaba/Tangram-Android,4107,8,38,1604,"4,63","2,00","1,43","1,00","23,21","0,00",24338,574
pqpo/SmartCropper,4093,8,13,248522,"6,08","2,50","1,33","1,00","122,50","0,00",1021,12
DTStack/chunjun,4085,7,30,132442,"6,94","4,00","1,48","1,00","20,84","1,00",104308,1916
Manabu-GT/ExpandableTextView,4084,11,4,4287,"5,13","4,00","1,73","1,00","11,80","0,00",552,15
qunarcorp/bistoury,4083,6,8,32465,"4,23","3,00","1,24","1,00","21,42","1,00",73638,1361
code4craft/tiny-spring,4081,11,0,638,"2,69","2,00","1,15","1,00","2,37","0,00",1543,106
freeok/so-novel,4076,3,46,140488,"4,87","4,00","1,17","1,00","2,61","0,00",2913,82
rubensousa/ViewPagerCards,4073,9,0,105,"5,33","6,00","1,56","2,00","2,22","0,00",240,9
oblac/jodd,4072,13,37,42823,"3,86","3,00","1,42","1,00","12,95","0,00",26882,728
luckybilly/CC,4045,7,0,32435,"4,19","3,00","1,26","1,00","16,45","0,00",4591,119
oldmanpushcart/greys-anatomy,4026,12,0,1769,"3,44","2,00","1,14","1,00","6,77","0,00",10774,240
jMonkeyEngine/jmonkeyengine,4023,11,76,990307,"6,42","3,00","1,61","1,00","51,96","0,00",199942,3170
xcltapestry/XCL-Charts,4020,11,0,127035,"7,53","3,00","1,66","1,00","49,04","4,00",23397,327
BoltsFramework/Bolts-Android,4011,11,11,476,"1,82","1,00","1,08","1,00","19,25","0,00",5073,156
LibrePDF/OpenPDF,4008,9,83,43871,"5,32","4,00","1,77","1,00","91,47","1,00",154011,1745
lcodecorex/TwinklingRefreshLayout,4002,9,0,82617,"3,82","2,00","1,32","1,00","36,27","0,00",6273,151
knowm/XChange,4001,13,0,51761,"5,60","4,00","1,41","1,00","25,19","0,00",147959,4909
jetty/jetty.project,4000,14,132,272712,"5,29","3,00","1,53","1,00","25,39","0,00",719275,14937
Yalantis/Phoenix,3999,10,1,663,"4,08","2,50","1,63","1,00","7,54","0,00",976,24
jbloch/effective-java-3e-source-code,3998,7,0,89,"1,11","1,00","1,18","1,00","1,33","0,00",3018,202
bitcoin-wallet/bitcoin-wallet,3992,13,0,42022,"7,12","4,00","1,55","1,00","5,41","0,00",18379,387
makovkastar/FloatingActionButton,3992,11,0,11228,"5,67","3,00","1,81","2,00","37,59","1,00",1014,27
Piasy/BigImageViewer,3987,8,0,55900,"4,11","3,00","1,29","1,00","12,81","1,00",2513,84
torakiki/pdfsam,3981,11,66,15101,"6,48","5,00","1,32","1,00","4,84","0,00",19302,637
orhanobut/hawk,3980,10,22,967,"3,23","2,00","1,04","1,00","12,96","1,00",834,26
mercyblitz/tech-weekly,3979,6,0,19564,"2,87","2,00","1,03","1,00","2,23","0,00",1367,77
qstumn/BadgeView,3978,8,5,9326,"4,11","2,00","1,31","1,00","49,89","0,00",1759,35
lilishop/lilishop,3972,4,3,49240,"7,41","5,00","1,27","1,00","13,33","0,00",42800,1551
lukas-krecan/ShedLock,3970,8,0,9092,"5,53","4,00","1,71","2,00","7,45","0,00",11277,384
JeremyLiao/LiveEventBus,3968,7,0,2678,"2,40","1,00","1,16","1,00","4,16","0,00",4811,197
syncthing/syncthing-android,3965,11,332,23375,"6,08","2,00","1,53","1,00","9,05","0,00",8424,142
zzhoujay/RichText,3961,10,0,2485,"3,80","2,00","1,44","1,00","10,55","0,00",5185,132
awaitility/awaitility,3960,15,0,1377,"2,61","1,00","1,20","1,00","20,10","0,00",5356,157
RipMeApp/ripme,3959,8,143,5152,"3,86","4,00","1,76","2,00","28,17","4,00",19889,320
rovo89/XposedInstaller,3958,13,0,18977,"4,27","2,00","1,37","1,00","8,52","0,00",8980,203
fishercoder1534/Leetcode,3956,9,0,11964,"1,55","1,00","1,00","1,00","0,29","0,00",140344,5141
binIoter/GuideView,3953,9,0,7068,"3,66","2,00","1,37","1,00","8,23","1,00",1246,35
googlesamples/mlkit,3953,5,1,47707,"7,45","4,00","1,51","1,00","8,12","0,00",9937,191
Querz/mcaselector,3951,7,72,23759,"5,79","4,00","1,65","1,00","22,18","1,00",36373,531
tronprotocol/java-tron,3950,7,80,212695,"8,11","6,00","1,58","1,00","80,76","1,00",150655,1652
JoanZapata/android-iconify,3943,12,0,3689,"3,21","2,00","1,23","1,00","5,19","1,00",909,43
linyiqun/DataMiningAlgorithm,3928,10,0,535,"2,28","2,00","1,09","1,00","9,96","0,00",11663,126
rengwuxian/RxJavaSamples,3927,9,3,4613,"4,11","2,00","1,28","1,00","1,60","0,00",1001,53
pingfangushi/screw,3922,5,0,2092,"3,93","3,00","1,31","1,00","5,24","0,00",3941,136
iterate-ch/cyberduck,3919,8,0,644556,"6,32","3,00","1,25","1,00","65,53","0,00",297049,7504
JFormDesigner/FlatLaf,3919,6,87,21916,"2,85","2,00","3,09","2,00","65,03","3,00",73486,843
promeG/TinyPinyin,3916,9,2,619,"1,77","1,00","1,08","1,00","8,75","0,00",1401,65
bluelinelabs/Conductor,3908,9,36,3764,"5,42","3,00","1,29","1,00","71,34","0,00",5385,86
shuzijun/leetcode-editor,3901,6,55,30927,"5,07","4,00","1,47","1,00","20,14","0,00",13421,301
databricks/learning-spark,3896,11,0,372,"2,72","2,00","1,02","1,00","1,80","0,00",2295,133
sofastack/sofa-rpc,3896,7,63,4279,"4,79","3,00","1,29","1,00","24,53","0,00",72316,1526
JavaNoober/BackgroundLibrary,3893,7,13,14430,"4,87","4,00","1,37","1,00","30,57","0,00",4165,67
alibaba/jstorm,3891,12,22,108125,"5,31","4,00","1,53","1,00","42,46","1,00",295731,3945
Exrick/xboot,3888,7,6,5309,"7,07","6,00","1,21","1,00","2,62","0,00",9784,343
VaughnVernon/IDDD_Samples,3886,12,0,546,"4,02","3,00","1,49","1,00","27,33","5,00",28475,651
amirzaidi/Launcher3,3885,8,22,129066,"6,28","3,00","1,40","1,00","63,75","0,00",60122,989
vipulasri/Timeline-View,3884,9,15,23276,"9,00","9,00","1,50","1,50","453,50","453,50",418,2
M66B/FairEmail,3879,7,2215,1111331,"4,18","2,00","1,22","1,00","33,54","0,00",243212,4236
wendux/DSBridge-Android,3856,8,2,902,"2,87","2,00","1,11","1,00","15,98","0,00",1841,47
uber/NullAway,3850,8,31,7184,"4,39","2,00","1,22","1,00","52,72","0,00",23413,570
ageerle/ruoyi-ai,3839,1,6,60004,"6,20","4,00","1,25","1,00","13,33","0,00",26041,823
kubernetes-client/java,3838,8,55,58921,"6,82","6,00","1,49","1,00","192,88","1,00",2004892,11661
google/bundletool,3830,7,63,10812,"8,06","6,00","1,23","1,00","82,60","6,00",54318,873
aurelhubert/ahbottomnavigation,3829,9,14,5644,"4,74","2,00","1,17","1,00","57,48","0,00",2339,46
MiguelCatalan/MaterialSearchView,3824,10,6,4665,"3,80","2,00","1,32","1,00","22,66","1,00",1361,41
react-native-share/react-native-share,3822,9,139,13275,"5,20","3,00","1,70","2,00","8,83","9,00",1754,40
yanzhenjie/AndServer,3819,9,1,6648,"4,57","3,00","1,33","1,00","48,05","1,00",12029,214
jishenghua/jshERP,3818,8,6,63684,"5,17","2,00","1,32","1,00","1674,70","13,00",71055,360
Helium314/HeliBoard,3817,3,50,290759,"5,92","4,00","1,41","1,00","71,06","2,00",23194,237
ZHENFENG13/My-Blog,3815,6,0,30373,"4,50","3,00","1,05","1,00","29,55","5,00",2411,58
uknownothingsnow/CircleProgress,3815,10,0,2538,"5,72","6,00","1,68","2,00","85,76","1,00",1451,25
camunda/camunda,3801,9,469,680667,"6,75","5,00","1,30","1,00","28,73","1,00",614412,14854
Dimezis/BlurView,3801,9,31,13487,"5,77","3,50","1,47","1,00","7,00","1,00",930,30
gh0stkey/HaE,3797,5,77,10995,"3,99","1,00","1,66","1,00","11,91","0,00",3968,67
shopizer-ecommerce/shopizer,3796,12,18,566507,"7,64","4,00","1,49","1,00","34,15","2,00",53489,1233
sunfusheng/MarqueeView,3792,9,0,12351,"5,36","4,00","1,36","1,00","5,45","0,00",804,22
fesh0r/fernflower,3784,10,0,7392,"3,77","1,00","1,22","1,00","37,57","0,00",55184,698
mpusher/mpush,3778,9,9,2595,"3,92","2,00","1,30","1,00","24,57","1,00",15032,398
watabou/pixel-dungeon,3778,11,0,8161,"4,32","3,00","1,88","2,00","12,42","1,00",38623,839
mcxtzhang/SwipeDelMenuLayout,3773,9,2,5660,"3,10","2,00","1,25","1,00","5,20","0,00",1085,40
lygttpod/SuperTextView,3772,8,39,25933,"2,71","2,00","1,16","1,00","141,67","0,00",4002,86
CameraKit/blurkit-android,3767,8,3,6270,"6,10","5,00","1,50","1,00","30,30","0,00",497,10
MovingBlocks/Terasology,3759,14,70,306012,"5,89","3,00","1,38","1,00","25,03","0,00",111591,2810
Ereza/CustomActivityOnCrash,3754,11,12,622,"5,27","4,00","1,33","1,00","32,33","0,00",893,15
roboguice/roboguice,3752,13,0,70278,"4,42","3,00","1,33","1,00","7,13","0,00",74026,3335
timehop/sticky-headers-recyclerview,3751,10,0,337,"4,52","2,00","1,28","1,00","3,24","0,00",808,29
zhpanvip/BannerViewPager,3750,8,59,134124,"5,10","3,00","1,41","1,00","47,82","0,00",3154,73
AsamK/signal-cli,3749,10,103,6171,"5,98","3,00","1,56","1,00","48,20","0,00",26922,491
apache/kylin,3748,10,2,573474,"7,51","5,00","1,42","1,00","137,69","1,00",317637,4762
sofastack/sofa-jraft,3744,6,32,3197,"5,36","3,00","1,38","1,00","76,52","1,00",137495,1437
andOTP/andOTP,3742,8,38,13870,"5,48","3,00","1,40","1,00","41,67","0,00",8407,165
RoaringBitmap/RoaringBitmap,3740,12,39,90651,"5,00","4,00","1,13","1,00","260,00","0,00",78405,637
spotbugs/spotbugs,3738,8,71,147328,"3,90","2,00","1,33","1,00","25,78","0,00",217152,5269
JCTools/JCTools,3730,11,18,7891,"3,86","2,00","2,95","2,00","19,97","0,00",37082,788
ethanhua/Skeleton,3725,8,0,17001,"3,42","3,00","1,24","1,00","4,61","0,00",752,33
Atmosphere/atmosphere,3719,15,0,113436,"4,74","3,00","1,25","1,00","55,03","1,00",36660,741
willowtreeapps/spruce-android,3718,8,3,8169,"4,50","2,00","1,30","1,00","5,35","0,00",4269,122
ByteLegend/ByteLegend,3716,4,0,71743,"6,98","7,00","1,00","1,00","727,84","20,00",104032,295
stfalcon-studio/ChatKit,3715,8,1,6136,"5,05","3,00","2,00","1,00","35,48","0,00",4680,108
ryanhoo/StylishMusicPlayer,3707,9,0,2929,"4,52","2,00","1,23","1,00","13,22","0,00",5777,194
liuyubobobo/Play-with-Algorithms,3706,9,0,112003,"2,48","2,00","1,01","1,00","7,57","0,00",3983,93
nICEnnnnnnnLee/BilibiliDown,3705,6,80,52803,"3,73","2,00","1,68","1,00","42,02","1,00",19838,262
javahuang/SurveyKing,3703,4,3,87973,"4,81","2,00","1,20","1,00","7,83","0,00",9237,400
yanzhenjie/NoHttp,3702,10,0,54486,"3,74","2,00","1,39","1,00","45,65","1,00",8428,228
rbmonster/learning-note,3701,5,0,67620,"2,17","2,00","1,17","1,00","2,89","0,00",13368,658
undertow-io/undertow,3696,13,9,27820,"4,80","3,00","1,21","1,00","36,64","0,00",161896,3099
jtablesaw/tablesaw,3691,9,79,66310,"4,84","3,00","1,27","1,00","108,53","1,00",48467,765
Creators-of-Create/Create,3689,6,0,89403,"10,35","8,00","1,65","2,00","27,80","3,00",150542,2532
helidon-io/helidon,3679,7,131,119432,"5,21","4,00","1,33","1,00","27,44","1,00",405549,9819
lihangleo2/ShadowLayout,3678,6,28,4204,"3,83","2,00","1,14","1,00","21,62","0,00",3437,65
yacy/yacy_search_server,3675,10,0,827744,"4,85","3,00","1,36","1,00","43,31","0,00",154686,1419
yangfuhai/ASimpleCache,3675,12,0,719,"3,40","1,00","1,44","1,00","22,48","0,00",1228,25
dingjikerbo/Android-BluetoothKit,3673,9,0,3989,"3,96","2,00","1,18","1,00","18,70","0,00",8347,241
networknt/light-4j,3672,9,192,12552,"4,21","2,00","1,17","1,00","23,37","0,00",68723,1232
lisawray/groupie,3671,9,28,678,"4,74","3,00","1,55","1,00","29,90","0,00",3898,93
grpc-ecosystem/grpc-spring,3670,8,34,3940,"6,44","6,00","1,46","1,00","5,37","0,00",10752,418
google/rejoiner,3670,7,3,793,"6,24","5,00","1,44","1,00","4,92","0,00",3566,131
coderbruis/JavaSourceCodeLearning,3668,5,0,8297,"2,76","2,00","1,26","1,00","3,15","0,00",6037,316
KunMinX/Linkage-RecyclerView,3667,6,0,761,"5,80","5,00","1,52","1,00","10,39","1,00",2552,75
linkedin/databus,3667,12,0,51191,"5,03","3,00","1,32","1,00","46,73","0,00",124341,1516
tchiotludo/akhq,3654,7,42,38844,"8,00","6,00","1,29","1,00","29,01","0,00",17372,305
PlexPt/chatgpt-java,3644,2,24,428,"5,14","3,00","1,26","1,00","14,59","0,00",2010,69
litesuits/android-common,3642,11,0,594,"3,08","2,00","1,25","1,00","124,35","1,00",6519,85
microservices-patterns/ftgo-application,3629,7,0,1010,"5,23","3,00","1,19","1,00","8,24","0,00",6674,358
huburt-Hu/NewbieGuide,3622,8,20,795,"3,73","2,00","1,18","1,00","10,44","0,00",1896,78
apache/incubator-heron,3621,9,56,183934,"5,17","3,00","1,35","1,00","20,61","1,00",69606,1651
FasterXML/jackson-databind,3620,13,0,83562,"3,68","2,00","1,62","1,00","24,21","0,00",162137,5236
uncle-novel/uncle-novel,3615,6,1,90992,"6,04","4,00","1,53","1,00","10,42","0,00",16991,269
blossom-editor/blossom,3613,2,19,63081,"5,24","3,00","1,28","1,00","6,98","0,00",13365,435
rockerhieu/emojicon,3613,11,2,9713,"4,97","4,00","1,54","1,00","6,77","0,00",2971,39
alibaba/Alink,3609,6,22,18863,"6,19","5,00","1,49","1,00","34,69","0,00",475017,8177
spockframework/spock,3608,14,26,35002,"4,94","3,00","1,36","1,00","34,79","1,00",25473,725
Mojang/brigadier,3601,11,3,470,"5,56","4,00","1,15","1,00","44,55","0,00",4312,85
spring-io/initializr,3598,12,17,11513,"5,08","4,00","1,20","1,00","33,73","1,00",31773,738
tyrantgit/ExplosionField,3592,9,0,1570,"4,70","2,00","1,50","1,50","4,30","0,00",343,10
mbechler/marshalsec,3592,8,0,469,"6,63","5,50","1,64","1,00","14,58","1,00",2214,72
dtinit/data-transfer-project,3591,7,61,11173,"6,62","4,00","1,18","1,00","6,88","0,00",33617,927
kikoso/android-stackblur,3591,12,0,6716,"2,12","0,00","1,12","1,00","0,71","0,00",885,34
vert-x3/vertx-examples,3583,10,0,52011,"5,32","5,00","1,80","2,00","1,02","1,00",9055,451
dongjunkun/DropDownMenu,3582,10,2,14892,"4,32","3,00","1,37","1,00","2,16","0,00",513,19
WVector/AppUpdate,3579,8,3,50788,"3,92","2,00","1,16","1,00","37,14","1,00",2925,64
hmkcode/Android,3578,12,0,1841,"4,61","4,50","1,70","2,00","2,11","1,00",1380,56
googlemaps/android-maps-utils,3577,12,57,20064,"6,40","5,00","1,55","1,00","37,74","1,00",13985,219
OpenHFT/Chronicle-Queue,3575,12,534,29846,"4,84","3,00","1,56","1,00","177,40","0,00",27561,499
IrisShaders/Iris,3574,4,140,58512,"5,78","4,00","1,29","1,00","22,64","0,00",37890,912
JakeWharton/ThreeTenABP,3571,10,0,439,"4,14","4,00","1,43","1,00","1,43","0,00",117,7
davideas/FlexibleAdapter,3570,10,30,10850,"5,17","3,00","1,55","1,00","102,31","1,00",15853,326
DataLinkDC/dinky,3569,4,31,38542,"6,48","4,00","1,30","1,00","23,24","0,00",53641,1274
fabric8io/kubernetes-client,3568,10,124,517527,"21,85","30,00","1,10","1,00","84,90","37,00",369298,7773
code4craft/netty-learning,3558,11,0,3362,"4,55","4,00","1,56","1,00","39,25","1,00",68759,1164
dropbox/hackpad,3555,10,0,110132,"5,05","3,00","1,80","1,00","152,30","1,00",87731,619
bilibili/MagicaSakura,3554,9,3,3043,"7,85","7,00","1,67","2,00","25,44","3,00",5367,84
springdoc/springdoc-openapi,3544,6,96,12084,"3,90","3,00","1,27","1,00","9,10","0,00",54071,3731
johncarl81/parceler,3544,12,0,1565,"4,52","3,00","1,34","1,00","16,66","0,00",10129,438
HelloWorld521/Java,3541,8,0,28772,"3,69","2,00","1,37","1,00","5,10","1,00",2697,124
anggrayudi/android-hidden-api,3535,10,2,334972,"8,00","7,50","1,00","1,00","56,50","0,50",478,4
fyhertz/libstreaming,3534,12,0,1537,"3,22","2,00","1,39","1,00","23,29","0,00",6798,89
arimorty/floatingsearchview,3534,9,0,7915,"3,16","1,00","1,16","1,00","26,28","0,00",4170,135
LinShunKang/MyPerf4J,3534,7,23,1152,"2,82","2,00","1,17","1,00","10,61","1,00",10298,306
luontola/retrolambda,3531,12,0,1063,"2,15","1,00","1,40","1,00","9,00","0,00",4848,240
spring-cloud/spring-cloud-kubernetes,3522,8,32,59687,"7,75","6,00","1,25","1,00","4,97","0,00",31806,1091
apache/logging-log4j2,3522,12,15,140906,"5,19","4,00","1,40","1,00","46,37","1,00",166626,3410
andremion/Music-Player,3521,9,2,24772,"4,38","3,50","1,75","2,00","5,03","0,50",926,32
Netflix/maestro,3520,1,0,2084,"7,94","5,00","1,46","1,00","28,89","0,00",52877,1019
dariuszseweryn/RxAndroidBle,3517,9,60,2949,"4,97","3,00","1,20","1,00","53,48","0,00",15479,477
immutables/immutables,3517,12,15,13271,"4,32","3,00","1,27","1,00","30,61","0,00",71038,2736
1024-lab/smart-admin,3516,5,22,36453,"6,25","4,00","1,23","1,00","3,79","0,00",12870,572
lsjwzh/RecyclerViewPager,3515,10,10,3248,"4,06","2,00","1,44","1,00","9,97","0,00",2735,71
nytimes/Store,3512,8,0,2538,"5,68","5,00","1,53","1,00","17,06","1,00",11288,290
baoyongzhang/SwipeMenuListView,3504,11,2,1854,"4,28","2,50","1,47","1,00","15,72","1,00",1342,32
codeestX/GeekNews,3504,9,0,83845,"3,85","2,00","1,29","1,00","10,01","0,00",11939,439
cSploit/android,3503,10,33,39651,"3,47","2,00","1,42","1,00","15,65","0,00",22657,512
dromara/liteflow,3501,5,0,10462,"4,68","2,00","1,82","2,00","15,53","0,00",40437,1858
lenve/JavaEETest,3498,8,0,27714,"3,48","3,00","1,11","1,00","3,48","0,00",1890,135
TNG/ArchUnit,3494,8,43,16786,"3,34","2,00","1,26","1,00","39,50","0,00",80126,3672
KingJA/LoadSir,3492,8,6,4024,"4,54","3,00","1,51","1,50","4,01","0,00",1481,74
AxonFramework/AxonFramework,3490,13,136,63638,"6,22","4,00","1,25","1,00","16,17","0,00",144215,3823
ittianyu/BottomNavigationViewEx,3476,8,19,1770,"4,86","3,00","1,55","1,00","50,14","0,00",1371,29
phodal/migration,3464,5,0,6167,"1,42","1,00","1,00","1,00","0,08","0,00",101,12
freeplane/freeplane,3463,13,14,233021,"4,00","2,00","1,51","1,00","48,41","0,00",165579,3559
RikkaApps/Sui,3463,4,21,779,"4,50","3,00","1,18","1,00","10,88","1,00",3949,78
eclipse-openj9/openj9,3460,8,53,199609,"2,93","1,00","1,48","1,00","112,51","0,00",641239,6976
rubensousa/PreviewSeekBar,3459,8,10,63625,"5,61","2,00","1,17","1,00","28,17","1,00",1166,23
Grt1228/chatgpt-java,3457,2,10,466,"6,52","4,00","1,09","1,00","11,93","0,00",3866,201
Netflix/concurrency-limits,3457,7,102,829,"3,55","3,00","1,15","1,00","8,27","1,00",4863,123
ferredoxin/QNotified,3456,6,28,8766,"4,70","3,00","1,34","1,00","47,77","0,00",35499,511
apache/fory,3450,2,49,15693,"4,43","3,00","1,98","1,00","38,39","0,00",78831,1439
alamkanak/Android-Week-View,3449,11,4,814,"3,52","2,00","1,26","1,00","238,33","0,00",2003,27
crossoverJie/SSM,3440,9,10,4404,"3,06","2,00","1,15","1,00","110,80","2,00",12864,218
rom1v/sndcpy,3436,5,2,171,"7,75","4,50","2,00","2,00","20,25","0,00",214,4
sherxon/AlgoDS,3433,8,0,1585,"1,33","1,00","1,00","1,00","1,41","0,00",21217,710
guolindev/giffun,3431,6,0,7432,"5,05","3,00","1,24","1,00","25,34","1,00",22397,478
xcc3641/SeeWeather,3426,9,2,16083,"4,28","2,50","1,32","1,00","6,12","1,00",3101,106
WinterChenS/my-site,3426,7,0,6365,"5,63","3,00","1,19","1,00","35,02","0,00",3496,90
woxingxiao/BubbleSeekBar,3422,8,12,43994,"4,63","2,00","1,30","1,00","91,70","1,00",1958,30
GitLqr/LQRWeChat,3420,8,0,120743,"4,35","2,00","1,29","1,00","18,94","1,00",17612,386
getActivity/Toaster,3417,7,37,55699,"4,22","3,00","1,25","1,00","38,81","0,50",1477,36
google/volley,3415,8,9,1423,"4,70","2,00","1,59","1,00","12,29","0,00",9295,231
apache/incubator-kie-optaplanner,3414,14,6,244105,"6,82","5,00","1,60","1,00","49,22","1,00",155526,3215
