name,owner,url,stars,age_days,merged_prs,total_releases,days_since_update,primary_language,total_issues,closed_issues,closed_issues_ratio,forks,description
freeCodeCamp,freeCodeCamp,https://github.com/freeCodeCamp/freeCodeCamp,426120,3892,25466,0,0,TypeScript,19826,19633,0.9902653081811762,41242,"freeCodeCamp.org's open-source codebase and curriculum. Learn math, programming, and computer science for free."
build-your-own-x,codecrafters-io,https://github.com/codecrafters-io/build-your-own-x,412352,2660,138,0,0,Markdown,822,595,0.7238442822384428,38683,Master programming by recreating your favorite technologies from scratch.
awesome,sindresorhus,https://github.com/sindresorhus/awesome,393565,4058,674,0,0,Unknown,353,340,0.9631728045325779,31278,ğŸ˜ Awesome lists about all kinds of interesting topics
free-programming-books,EbookFoundation,https://github.com/EbookFoundation/free-programming-books,365476,4331,6635,0,0,Python,1181,1150,0.9737510584250635,63922,:books: Freely available programming books
public-apis,public-apis,https://github.com/public-apis/public-apis,362042,3440,1842,0,0,Python,712,704,0.9887640449438202,37997,A collective list of free APIs
developer-roadmap,kamranahmedse,https://github.com/kamranahmedse/developer-roadmap,334208,3080,3682,1,0,TypeScript,2941,2693,0.9156749404964298,42598,"Interactive roadmaps, guides and other educational content to help developers grow in their careers."
coding-interview-university,jwasham,https://github.com/jwasham/coding-interview-university,324580,3362,411,0,0,Unknown,0,453,0,79895,A complete computer science study plan to become a software engineer.
system-design-primer,donnemartin,https://github.com/donnemartin/system-design-primer,316679,3097,0,0,0,Python,0,0,0,51872,Learn how to design large-scale systems. Prep for the system design interview.  Includes Anki flashcards.
996.ICU,996icu,https://github.com/996icu/996.ICU,274102,2339,0,0,0,Unknown,0,0,0,21070,Repo for counting stars and contributing. Press F to pay respect to glorious developers.
awesome-python,vinta,https://github.com/vinta/awesome-python,255947,4072,0,0,0,Python,0,0,0,26158,"An opinionated list of awesome Python frameworks, libraries, software and resources."
awesome-selfhosted,awesome-selfhosted,https://github.com/awesome-selfhosted/awesome-selfhosted,242879,3733,0,1,0,Unknown,0,0,0,11253,A list of Free Software network services and web applications which can be hosted on your own servers
project-based-learning,practical-tutorials,https://github.com/practical-tutorials/project-based-learning,240291,3052,0,0,0,Unknown,0,0,0,31444,Curated list of project-based tutorials
react,facebook,https://github.com/facebook/react,238262,4471,0,10000,0,JavaScript,0,0,0,49172,The library for web and native user interfaces.
vue,vuejs,https://github.com/vuejs/vue,209284,4405,0,10000,0,TypeScript,0,0,0,33740,"This is the repo for Vue 2. For Vue 3, go to https://github.com/vuejs/core"
Python,TheAlgorithms,https://github.com/TheAlgorithms/Python,204219,3322,0,0,0,Python,0,0,0,47338,All Algorithms implemented in Python
linux,torvalds,https://github.com/torvalds/linux,200322,5099,10,0,0,C,0,0,0,57391,Linux kernel source tree
javascript-algorithms,trekhleb,https://github.com/trekhleb/javascript-algorithms,193044,2706,300,0,0,JavaScript,366,229,0.6256830601092896,30849,ğŸ“ Algorithms and data structures implemented in JavaScript with explanations and links to further readings
tensorflow,tensorflow,https://github.com/tensorflow/tensorflow,191257,3575,35912,10000,0,C++,40732,39835,0.977978002553275,74787,An Open Source Machine Learning Framework for Everyone
computer-science,ossu,https://github.com/ossu/computer-science,190707,4127,292,0,0,HTML,652,638,0.9785276073619632,23800,ğŸ“ Path to a free self-taught education in Computer Science!
the-book-of-secret-knowledge,trimstray,https://github.com/trimstray/the-book-of-secret-knowledge,183066,2615,117,0,0,Unknown,0,0,0,11388,"A collection of inspiring lists, manuals, cheatsheets, blogs, hacks, one-liners, cli/web tools and more."
You-Dont-Know-JS,getify,https://github.com/getify/You-Dont-Know-JS,182994,4295,362,0,0,Unknown,944,863,0.9141949152542372,33654,A book series (2 published editions) on the JS language.
CS-Notes,CyC2018,https://github.com/CyC2018/CS-Notes,181526,2745,373,0,0,Unknown,571,448,0.7845884413309983,51168,:books: æŠ€æœ¯é¢è¯•å¿…å¤‡åŸºç¡€çŸ¥è¯†ã€Leetcodeã€è®¡ç®—æœºæ“ä½œç³»ç»Ÿã€è®¡ç®—æœºç½‘ç»œã€ç³»ç»Ÿè®¾è®¡
ohmyzsh,ohmyzsh,https://github.com/ohmyzsh/ohmyzsh,180840,5836,3351,0,0,Shell,4964,4824,0.9717969379532635,26184,"ğŸ™ƒ   A delightful community-driven (with 2,400+ contributors) framework for managing your zsh configuration. Includes 300+ optional plugins (rails, git, macOS, hub, docker, homebrew, node, php, python, etc), 140+ themes to spice up your morning, and an auto-update tool that makes it easy to keep up with the latest updates from the community."
AutoGPT,Significant-Gravitas,https://github.com/Significant-Gravitas/AutoGPT,177952,888,3194,68,0,Python,3391,3230,0.9525213801238572,45942,"AutoGPT is the vision of accessible AI for everyone, to use and to build on. Our mission is to provide the tools, so that you can focus on what matters."
vscode,microsoft,https://github.com/microsoft/vscode,175936,3639,36177,10000,0,TypeScript,205253,193181,0.9411847817084281,34485,Visual Studio Code
bootstrap,twbs,https://github.com/twbs/bootstrap,172879,5136,0,93,0,MDX,0,0,0,79129,"The most popular HTML, CSS, and JavaScript framework for developing responsive, mobile first projects on the web."
flutter,flutter,https://github.com/flutter/flutter,171981,3820,0,7,0,Dart,0,0,0,29043,Flutter makes it easy and fast to build beautiful apps for mobile and beyond
Python-100-Days,jackfrued,https://github.com/jackfrued/Python-100-Days,171110,2729,0,0,0,Jupyter Notebook,0,0,0,54396,Python - 100å¤©ä»æ–°æ‰‹åˆ°å¤§å¸ˆ
gitignore,github,https://github.com/github/gitignore,168765,5399,0,0,0,Unknown,0,0,0,83013,A collection of useful .gitignore templates
the-art-of-command-line,jlevy,https://github.com/jlevy/the-art-of-command-line,157851,3745,0,0,0,Unknown,0,0,0,14747,"Master the command line, in one page"
stable-diffusion-webui,AUTOMATIC1111,https://github.com/AUTOMATIC1111/stable-diffusion-webui,155784,1094,0,27,0,Python,0,0,0,28876,Stable Diffusion web UI
JavaGuide,Snailclimb,https://github.com/Snailclimb/JavaGuide,151355,2662,0,0,0,Java,0,0,0,45972,ã€ŒJavaå­¦ä¹ +é¢è¯•æŒ‡å—ã€ä¸€ä»½æ¶µç›–å¤§éƒ¨åˆ† Java ç¨‹åºå‘˜æ‰€éœ€è¦æŒæ¡çš„æ ¸å¿ƒçŸ¥è¯†ã€‚å‡†å¤‡ Java é¢è¯•ï¼Œé¦–é€‰ JavaGuideï¼
ollama,ollama,https://github.com/ollama/ollama,150598,786,0,10000,0,Go,0,0,0,12869,"Get up and running with OpenAI gpt-oss, DeepSeek-R1, Gemma 3 and other models."
awesome-go,avelino,https://github.com/avelino/awesome-go,150418,4063,0,0,0,Go,0,0,0,12511,"A curated list of awesome Go frameworks, libraries and software"
transformers,huggingface,https://github.com/huggingface/transformers,148579,2487,0,10000,0,Python,0,0,0,30115,"ğŸ¤— Transformers: the model-definition framework for state-of-the-art machine learning models in text, vision, audio, and multimodal models, for both inference and training. "
javascript,airbnb,https://github.com/airbnb/javascript,147280,4675,0,0,0,JavaScript,0,0,0,26780,JavaScript Style Guide
Microsoft-Activation-Scripts,massgravel,https://github.com/massgravel/Microsoft-Activation-Scripts,145390,2047,0,24,0,Batchfile,0,0,0,14130,"Open-source Windows and Office activator featuring HWID, Ohook, TSforge, KMS38, and Online KMS activation methods, along with advanced troubleshooting."
youtube-dl,ytdl-org,https://github.com/ytdl-org/youtube-dl,136923,5407,0,10000,0,Python,0,0,0,10438,Command-line program to download videos from YouTube.com and other video sites
next.js,vercel,https://github.com/vercel/next.js,133895,3241,0,10000,0,JavaScript,0,0,0,29127,The React Framework
awesome-chatgpt-prompts,f,https://github.com/f/awesome-chatgpt-prompts,132941,989,0,0,0,JavaScript,0,0,0,17647,This repo includes ChatGPT prompt curation to use ChatGPT and other LLM tools better.
n8n,n8n-io,https://github.com/n8n-io/n8n,131310,2251,0,10000,0,TypeScript,0,0,0,40807,"Fair-code workflow automation platform with native AI capabilities. Combine visual building with custom code, self-host or cloud, 400+ integrations."
go,golang,https://github.com/golang/go,129508,4019,0,0,0,Go,0,0,0,18339,The Go programming language
fucking-algorithm,labuladong,https://github.com/labuladong/fucking-algorithm,128949,2009,0,1,0,Markdown,0,0,0,23410,"åˆ·ç®—æ³•å…¨é å¥—è·¯ï¼Œè®¤å‡† labuladong å°±å¤Ÿäº†ï¼English version supported! Crack LeetCode, not only how, but also why. "
tech-interview-handbook,yangshun,https://github.com/yangshun/tech-interview-handbook,128688,3333,0,0,0,TypeScript,0,0,0,15672,ğŸ’¯ Curated coding interview preparation materials for busy software engineers
scrcpy,Genymobile,https://github.com/Genymobile/scrcpy,126842,2829,0,47,0,C,0,0,0,11876,Display and control your Android device
HelloGitHub,521xueweihan,https://github.com/521xueweihan/HelloGitHub,125758,3395,0,57,0,Python,2840,2626,0.9246478873239437,10665,":octocat: åˆ†äº« GitHub ä¸Šæœ‰è¶£ã€å…¥é—¨çº§çš„å¼€æºé¡¹ç›®ã€‚Share interesting, entry-level open source projects on GitHub."
30-seconds-of-code,Chalarangelo,https://github.com/Chalarangelo/30-seconds-of-code,124981,2821,823,12,0,JavaScript,300,300,1.0,12298,Coding articles to level up your development skills
react-native,facebook,https://github.com/facebook/react-native,123488,3876,928,10000,0,C++,27198,26542,0.9758805794543717,24822,A framework for building native applications using React
yt-dlp,yt-dlp,https://github.com/yt-dlp/yt-dlp,123194,1759,2898,10000,0,Python,9766,8169,0.8364734794183903,9816,A feature-rich command-line audio/video downloader
PowerToys,microsoft,https://github.com/microsoft/PowerToys,122366,2303,5629,10000,0,C#,34538,27542,0.7974405003184898,7310,Windows system utilities to maximize productivity
electron,electron,https://github.com/electron/electron,117962,4514,23232,10000,0,C++,21047,20291,0.9640803915047275,16340,":electron: Build cross-platform desktop apps with JavaScript, HTML, and CSS"
kubernetes,kubernetes,https://github.com/kubernetes/kubernetes,116982,4093,62116,10000,0,Go,47687,45772,0.9598423050307212,41201,Production-Grade Container Scheduling and Management
hello-algo,krahets,https://github.com/krahets/hello-algo,115589,1020,945,9,0,Java,269,257,0.9553903345724907,14293,"ã€ŠHello ç®—æ³•ã€‹ï¼šåŠ¨ç”»å›¾è§£ã€ä¸€é”®è¿è¡Œçš„æ•°æ®ç»“æ„ä¸ç®—æ³•æ•™ç¨‹ã€‚æ”¯æŒ Python, Java, C++, C, C#, JS, Go, Swift, Rust, Ruby, Kotlin, TS, Dart ä»£ç ã€‚ç®€ä½“ç‰ˆå’Œç¹ä½“ç‰ˆåŒæ­¥æ›´æ–°ï¼ŒEnglish version in translation"
free-programming-books-zh_CN,justjavac,https://github.com/justjavac/free-programming-books-zh_CN,115029,4308,279,3,0,Unknown,0,0,0,28352,:books: å…è´¹çš„è®¡ç®—æœºç¼–ç¨‹ç±»ä¸­æ–‡ä¹¦ç±ï¼Œæ¬¢è¿æŠ•ç¨¿
langchain,langchain-ai,https://github.com/langchain-ai/langchain,113908,1038,11282,10000,0,Jupyter Notebook,8641,8432,0.9758129846082629,18666,ğŸ¦œğŸ”— Build context-aware reasoning applications ğŸ¦œğŸ”—
node,nodejs,https://github.com/nodejs/node,112845,3920,10748,10000,0,JavaScript,0,0,0,32713,Node.js JavaScript runtime âœ¨ğŸ¢ğŸš€âœ¨
dify,langgenius,https://github.com/langgenius/dify,111583,861,0,10000,0,TypeScript,0,0,0,17042,Production-ready platform for agentic workflow development.
d3,d3,https://github.com/d3/d3,111315,5441,0,10000,0,Shell,0,0,0,22842,"Bring data to life with SVG, Canvas and HTML. :bar_chart::chart_with_upwards_trend::tada:"
free-for-dev,ripienaar,https://github.com/ripienaar/free-for-dev,110490,3808,0,0,0,HTML,0,0,0,11382,"A list of SaaS, PaaS and IaaS offerings that have free tiers of interest to devops and infradev"
three.js,mrdoob,https://github.com/mrdoob/three.js,108202,5629,0,10000,0,JavaScript,0,0,0,35968,JavaScript 3D Library.
axios,axios,https://github.com/axios/axios,107425,4020,0,97,0,JavaScript,0,0,0,11190,Promise based HTTP client for the browser and node.js
open-webui,open-webui,https://github.com/open-webui/open-webui,107296,684,0,10000,0,JavaScript,0,0,0,14520,"User-friendly AI Interface (Supports Ollama, OpenAI API, ...)"
rust,rust-lang,https://github.com/rust-lang/rust,105908,5544,0,10000,0,Rust,0,0,0,13672,Empowering everyone to build reliable and efficient software.
excalidraw,excalidraw,https://github.com/excalidraw/excalidraw,105695,2058,0,14,0,TypeScript,0,0,0,10630,Virtual whiteboard for sketching hand-drawn like diagrams
TypeScript,microsoft,https://github.com/microsoft/TypeScript,105649,4082,0,10000,0,TypeScript,0,0,0,12959,TypeScript is a superset of JavaScript that compiles to clean JavaScript output.
nodebestpractices,goldbergyoni,https://github.com/goldbergyoni/nodebestpractices,103967,2896,0,0,0,Dockerfile,0,0,0,10582,:white_check_mark:  The Node.js best practices list (July 2024)
deno,denoland,https://github.com/denoland/deno,103961,2655,0,10000,0,Rust,0,0,0,5689,A modern runtime for JavaScript and TypeScript.
create-react-app,facebook,https://github.com/facebook/create-react-app,103444,3321,0,83,0,JavaScript,0,0,0,27069,Set up a modern web app by running one command.
langflow,langflow-ai,https://github.com/langflow-ai/langflow,103435,924,4613,10000,0,Python,2689,2258,0.8397173670509483,7385,Langflow is a powerful tool for building and deploying AI-powered agents and workflows.
GitHub-Chinese-Top-Charts,GrowingGit,https://github.com/GrowingGit/GitHub-Chinese-Top-Charts,101276,2176,0,0,0,Java,340,161,0.47352941176470587,13211,:cn: GitHubä¸­æ–‡æ’è¡Œæ¦œï¼Œå„è¯­è¨€åˆ†è®¾ã€Œè½¯ä»¶ | èµ„æ–™ã€æ¦œå•ï¼Œç²¾å‡†å®šä½ä¸­æ–‡å¥½é¡¹ç›®ã€‚å„å–æ‰€éœ€ï¼Œé«˜æ•ˆå­¦ä¹ ã€‚
godot,godotengine,https://github.com/godotengine/godot,100432,4246,38683,61,0,C++,58082,45999,0.7919665300781653,23022,Godot Engine â€“ Multi-platform 2D and 3D game engine
terminal,microsoft,https://github.com/microsoft/terminal,99275,2931,4168,10000,0,C++,13458,11862,0.8814088274632189,8694,"The new Windows Terminal and the original Windows console host, all in the same place!"
DeepSeek-V3,deepseek-ai,https://github.com/deepseek-ai/DeepSeek-V3,98729,237,21,1,0,Python,586,556,0.9488054607508533,16083,
angular,angular,https://github.com/angular/angular,98515,3989,3881,10000,0,TypeScript,29472,28122,0.9541938110749185,26513,Deliver web apps with confidence ğŸš€
frp,fatedier,https://github.com/fatedier/frp,97666,3530,683,10000,0,Go,3901,3841,0.9846193283773391,14353,A fast reverse proxy to help you expose a local server behind a NAT or firewall to the internet.
papers-we-love,papers-we-love,https://github.com/papers-we-love/papers-we-love,97329,4266,435,0,0,Shell,246,245,0.9959349593495935,6057,Papers from the computer science community to read and discuss.
Awesome-Hacking,Hack-with-Github,https://github.com/Hack-with-Github/Awesome-Hacking,96552,3430,34,0,0,Unknown,0,0,0,9487,"A collection of various awesome lists for hackers, pentesters and security researchers"
material-ui,mui,https://github.com/mui/material-ui,96417,4020,20768,10000,0,TypeScript,20169,18550,0.919728295899648,32636,Material UI: Comprehensive React component library that implements Google's Material Design. Free forever.
iptv,iptv-org,https://github.com/iptv-org/iptv,96392,2471,0,0,0,TypeScript,0,0,0,3890,Collection of publicly available IPTV channels from all over the world
rustdesk,rustdesk,https://github.com/rustdesk/rustdesk,96049,1787,0,31,0,Rust,0,0,0,14094,"An open-source remote desktop application designed for self-hosting, as an alternative to TeamViewer."
tauri,tauri-apps,https://github.com/tauri-apps/tauri,95754,2230,0,10000,0,Rust,0,0,0,3028,"Build smaller, faster, and more secure desktop and mobile applications with a web frontend."
ant-design,ant-design,https://github.com/ant-design/ant-design,95712,3771,0,10000,0,TypeScript,0,0,0,53337,An enterprise-class UI design language and React UI library
generative-ai-for-beginners,microsoft,https://github.com/microsoft/generative-ai-for-beginners,95291,793,0,0,0,Jupyter Notebook,0,0,0,49800,"21 Lessons, Get Started Building with Generative AI  ğŸ”— https://microsoft.github.io/generative-ai-for-beginners/"
thefuck,nvbn,https://github.com/nvbn/thefuck,93593,3787,0,17,0,Python,0,0,0,3744,Magnificent app which corrects your previous console command.
clean-code-javascript,ryanmcdermott,https://github.com/ryanmcdermott/clean-code-javascript,93373,3190,0,0,0,JavaScript,0,0,0,12450,Clean Code concepts adapted for JavaScript
ui,shadcn-ui,https://github.com/shadcn-ui/ui,93314,959,0,52,0,TypeScript,0,0,0,6531,"A set of beautifully-designed, accessible components and a code distribution platform. Works with your favorite frameworks. Open Source. Open Code."
HowToCook,Anduin2017,https://github.com/Anduin2017/HowToCook,92603,1999,0,4,0,Dockerfile,0,0,0,10470,ç¨‹åºå‘˜åœ¨å®¶åšé¥­æ–¹æ³•æŒ‡å—ã€‚Programmer's guide about how to cook at home (Simplified Chinese only).
pytorch,pytorch,https://github.com/pytorch/pytorch,92547,3294,0,61,0,Python,0,0,0,25032,Tensors and Dynamic neural networks in Python with strong GPU acceleration
java-design-patterns,iluwatar,https://github.com/iluwatar/java-design-patterns,92526,4029,0,0,0,Java,0,0,0,27151,Design patterns implemented in Java
neovim,neovim,https://github.com/neovim/neovim,92119,4219,0,45,0,Vim Script,0,0,0,6266,Vim-fork focused on extensibility and usability
puppeteer,puppeteer,https://github.com/puppeteer/puppeteer,91877,3025,0,10000,0,TypeScript,0,0,0,9273,JavaScript API for Chrome and Firefox
Web-Dev-For-Beginners,microsoft,https://github.com/microsoft/Web-Dev-For-Beginners,91484,1744,0,0,0,JavaScript,0,0,0,13902,"24 Lessons, 12 Weeks, Get Started as a Web Developer"
DeepSeek-R1,deepseek-ai,https://github.com/deepseek-ai/DeepSeek-R1,90925,212,0,1,0,Unknown,0,0,0,11734,
vue-element-admin,PanJiaChen,https://github.com/PanJiaChen/vue-element-admin,89789,3047,0,49,0,Vue,0,0,0,30659,:tada: A magical vue admin                                                                https://panjiachen.github.io/vue-element-admin
tailwindcss,tailwindlabs,https://github.com/tailwindlabs/tailwindcss,89675,2875,0,10000,0,TypeScript,0,0,0,4687,A utility-first CSS framework for rapid UI development.
fastapi,fastapi,https://github.com/fastapi/fastapi,88590,2447,0,10000,0,Python,3466,0,0.0,7749,"FastAPI framework, high performance, easy to learn, fast to code, ready for production"
every-programmer-should-know,mtdvio,https://github.com/mtdvio/every-programmer-should-know,87878,2918,98,0,0,Unknown,52,23,0.4423076923076923,8057,A collection of (mostly) technical things every software developer should know about
storybook,storybookjs,https://github.com/storybookjs/storybook,87558,3442,11473,10000,0,TypeScript,13691,11613,0.8482214593528595,9665,"Storybook is the industry standard workshop for building, documenting, and testing UI components in isolation"
supabase,supabase,https://github.com/supabase/supabase,87422,2139,12924,22,0,TypeScript,4656,4420,0.9493127147766323,9573,"The Postgres development platform. Supabase gives you a dedicated Postgres database to build your web, mobile, and AI applications."
awesome-mac,jaywcjlove,https://github.com/jaywcjlove/awesome-mac,87407,3321,987,12,0,JavaScript,480,367,0.7645833333333333,6714,"ï£¿ Now we have become very big, Different from the original idea. Collect premium software in various categories."
whisper,openai,https://github.com/openai/whisper,86972,1069,119,13,0,Python,0,0,0,10726,Robust Speech Recognition via Large-Scale Weak Supervision
nvm,nvm-sh,https://github.com/nvm-sh/nvm,86483,5606,727,70,0,Shell,2314,1998,0.8634399308556612,9204,Node Version Manager - POSIX-compliant bash script to manage multiple active node.js versions
ComfyUI,comfyanonymous,https://github.com/comfyanonymous/ComfyUI,86089,946,1192,73,0,Python,6177,3664,0.5931682046300794,9544,"The most powerful and modular diffusion model GUI, api and backend with a graph/nodes interface."
NextChat,ChatGPTNextWeb,https://github.com/ChatGPTNextWeb/NextChat,85540,894,888,77,0,TypeScript,3545,2885,0.8138222849083215,61071,âœ¨ Light and Fast AI Assistant. Support: Web | iOS | MacOS | Android |  Linux | Windows
v2rayN,2dust,https://github.com/2dust/v2rayN,85280,2213,267,10000,0,C#,6019,6012,0.9988370161156338,13157,"A GUI client for Windows, Linux and macOS, support Xray and sing-box and others"
llama.cpp,ggml-org,https://github.com/ggml-org/llama.cpp,85227,894,5490,10000,0,C++,0,5362,0,12765,LLM inference in C/C++
bitcoin,bitcoin,https://github.com/bitcoin/bitcoin,85116,5358,0,56,0,C++,0,0,0,37646,Bitcoin Core integration/staging tree
app-ideas,florinpop17,https://github.com/florinpop17/app-ideas,84940,2368,0,0,0,Unknown,0,0,0,9811,A Collection of application ideas which can be used to improve your coding skills.
django,django,https://github.com/django/django,84635,4862,0,0,0,Python,0,0,0,32834,The Web framework for perfectionists with deadlines.
svelte,sveltejs,https://github.com/sveltejs/svelte,83810,3195,0,10000,0,JavaScript,0,0,0,4595,web development for the rest of us
gin,gin-gonic,https://github.com/gin-gonic/gin,83657,4083,0,27,0,Go,0,0,0,8299,"Gin is a HTTP web framework written in Go (Golang). It features a Martini-like API with much better performance -- up to 40 times faster. If you need smashing performance, get yourself some Gin."
opencv,opencv,https://github.com/opencv/opencv,83639,4780,0,66,0,C++,0,0,0,56273,Open Source Computer Vision Library
hugo,gohugoio,https://github.com/gohugoio/hugo,82974,4430,0,10000,0,Go,0,0,0,7976,The worldâ€™s fastest framework for building websites.
mermaid,mermaid-js,https://github.com/mermaid-js/mermaid,82277,3945,0,10000,0,TypeScript,0,0,0,7935,Generation of diagrams like flowcharts or sequence diagrams from text in a similar manner as markdown
realworld,gothinkster,https://github.com/gothinkster/realworld,82241,3463,0,0,0,TypeScript,0,0,0,7506,"""The mother of all demo apps"" â€” Exemplary fullstack Medium.com clone powered by React, Angular, Node, Django, and many more"
animate.css,animate-css,https://github.com/animate-css/animate.css,82055,5061,0,22,0,CSS,0,0,0,16171,ğŸ¿ A cross-browser library of CSS animations. As easy to use as an easy thing.
laravel,laravel,https://github.com/laravel/laravel,81874,5187,0,10000,0,Blade,0,0,0,24443,"Laravel is a web application framework with expressive, elegant syntax. Weâ€™ve already laid the foundation for your next big idea â€” freeing you to create without sweating the small things."
mall,macrozheng,https://github.com/macrozheng/mall,81344,2696,0,3,0,Java,0,0,0,29422,mallé¡¹ç›®æ˜¯ä¸€å¥—ç”µå•†ç³»ç»Ÿï¼ŒåŒ…æ‹¬å‰å°å•†åŸç³»ç»ŸåŠåå°ç®¡ç†ç³»ç»Ÿï¼ŒåŸºäºSpring Boot+MyBatiså®ç°ï¼Œé‡‡ç”¨Dockerå®¹å™¨åŒ–éƒ¨ç½²ã€‚ å‰å°å•†åŸç³»ç»ŸåŒ…å«é¦–é¡µé—¨æˆ·ã€å•†å“æ¨èã€å•†å“æœç´¢ã€å•†å“å±•ç¤ºã€è´­ç‰©è½¦ã€è®¢å•æµç¨‹ã€ä¼šå‘˜ä¸­å¿ƒã€å®¢æˆ·æœåŠ¡ã€å¸®åŠ©ä¸­å¿ƒç­‰æ¨¡å—ã€‚ åå°ç®¡ç†ç³»ç»ŸåŒ…å«å•†å“ç®¡ç†ã€è®¢å•ç®¡ç†ã€ä¼šå‘˜ç®¡ç†ã€ä¿ƒé”€ç®¡ç†ã€è¿è¥ç®¡ç†ã€å†…å®¹ç®¡ç†ã€ç»Ÿè®¡æŠ¥è¡¨ã€è´¢åŠ¡ç®¡ç†ã€æƒé™ç®¡ç†ã€è®¾ç½®ç­‰æ¨¡å—ã€‚
core,home-assistant,https://github.com/home-assistant/core,80838,4355,0,10000,0,Python,0,0,0,34734,:house_with_garden: Open source home automation that puts local control and privacy first.
FreeDomain,DigitalPlatDev,https://github.com/DigitalPlatDev/FreeDomain,80658,447,0,0,0,HTML,0,0,0,1486,DigitalPlat FreeDomain: Free Domain For Everyone
FiraCode,tonsky,https://github.com/tonsky/FiraCode,79919,3935,0,29,0,Clojure,0,0,0,3171,Free monospaced font with programming ligatures
bun,oven-sh,https://github.com/oven-sh/bun,79816,1590,0,10000,0,Zig,0,0,0,3265,"Incredibly fast JavaScript runtime, bundler, test runner, and package manager â€“ all in one"
manim,3b1b,https://github.com/3b1b/manim,79655,3804,0,13,0,Python,1212,761,0.6278877887788779,6839,Animation engine for explanatory math videos
spring-boot,spring-projects,https://github.com/spring-projects/spring-boot,78144,4688,42,10000,0,Java,39276,38721,0.9858692331194623,41408,"Spring Boot helps you to create Spring-powered, production-grade applications and services with absolute minimum fuss."
advanced-java,doocs,https://github.com/doocs/advanced-java,78124,2510,84,1,0,Java,147,146,0.9931972789115646,19248,ğŸ˜® Core Interview Questions & Answers For Experienced Java(Backend) Developers | äº’è”ç½‘ Java å·¥ç¨‹å¸ˆè¿›é˜¶çŸ¥è¯†å®Œå…¨æ‰«ç›²ï¼šæ¶µç›–é«˜å¹¶å‘ã€åˆ†å¸ƒå¼ã€é«˜å¯ç”¨ã€å¾®æœåŠ¡ã€æµ·é‡æ•°æ®å¤„ç†ç­‰é¢†åŸŸçŸ¥è¯†
devops-exercises,bregman-arie,https://github.com/bregman-arie/devops-exercises,78000,2148,301,0,0,Python,99,64,0.6464646464646465,17495,"Linux, Jenkins, AWS, SRE, Prometheus, Docker, Python, Ansible, Git, Kubernetes, Terraform, OpenStack, SQL, NoSQL, Azure, GCP, DNS, Elastic, Network, Virtualization. DevOps Interview Questions"
system-prompts-and-models-of-ai-tools,x1xhlol,https://github.com/x1xhlol/system-prompts-and-models-of-ai-tools,77906,168,23,0,0,Unknown,101,54,0.5346534653465347,21816,"FULL v0, Cursor, Manus, Augment Code, Same.dev, Lovable, Devin, Replit Agent, Windsurf Agent, VSCode Agent, Dia Browser, Xcode, Trae AI, Cluely & Orchids.app (And other Open Sourced) System Prompts, Tools & AI Models."
models,tensorflow,https://github.com/tensorflow/models,77622,3485,2338,50,0,Python,7311,6235,0.8528245110108056,45510,Models and examples built with TensorFlow
awesome-for-beginners,MunGell,https://github.com/MunGell/awesome-for-beginners,76786,3588,449,0,0,Unknown,185,174,0.9405405405405406,7364,A list of awesome beginners-friendly projects.
ML-For-Beginners,microsoft,https://github.com/microsoft/ML-For-Beginners,76726,1632,374,0,0,HTML,148,141,0.9527027027027027,17189,"12 weeks, 26 lessons, 52 quizzes, classic Machine Learning for all"
awesome-interview-questions,DopplerHQ,https://github.com/DopplerHQ/awesome-interview-questions,76617,3553,175,0,0,Unknown,61,34,0.5573770491803278,9147,:octocat: A curated awesome list of lists of interview questions. Feel free to contribute! :mortar_board: 
gpt4all,nomic-ai,https://github.com/nomic-ai/gpt4all,76503,877,934,38,0,C++,2185,1487,0.6805491990846682,8253,GPT4All: Run Local LLMs on Any Device. Open-source and available for commercial use.
LeetCodeAnimation,MisterBooo,https://github.com/MisterBooo/LeetCodeAnimation,76401,2449,62,0,0,Java,0,0,0,14022,Demonstrate all the questions on LeetCode in the form of animation.ï¼ˆç”¨åŠ¨ç”»çš„å½¢å¼å‘ˆç°è§£LeetCodeé¢˜ç›®çš„æ€è·¯ï¼‰
playwright,microsoft,https://github.com/microsoft/playwright,76191,2105,0,10000,0,TypeScript,0,0,0,4478,"Playwright is a framework for Web Testing and Automation. It allows testing Chromium, Firefox and WebKit with a single API. "
netdata,netdata,https://github.com/netdata/netdata,75612,4447,0,10000,0,C,0,0,0,6125,"The fastest path to AI-powered full stack observability, even for lean teams."
Font-Awesome,FortAwesome,https://github.com/FortAwesome/Font-Awesome,75585,4933,0,60,0,JavaScript,0,0,0,12206,"The iconic SVG, font, and CSS toolkit"
funNLP,fighting41love,https://github.com/fighting41love/funNLP,75564,2556,0,0,0,Python,0,0,0,14962,"ä¸­è‹±æ–‡æ•æ„Ÿè¯ã€è¯­è¨€æ£€æµ‹ã€ä¸­å¤–æ‰‹æœº/ç”µè¯å½’å±åœ°/è¿è¥å•†æŸ¥è¯¢ã€åå­—æ¨æ–­æ€§åˆ«ã€æ‰‹æœºå·æŠ½å–ã€èº«ä»½è¯æŠ½å–ã€é‚®ç®±æŠ½å–ã€ä¸­æ—¥æ–‡äººååº“ã€ä¸­æ–‡ç¼©å†™åº“ã€æ‹†å­—è¯å…¸ã€è¯æ±‡æƒ…æ„Ÿå€¼ã€åœç”¨è¯ã€ååŠ¨è¯è¡¨ã€æš´æè¯è¡¨ã€ç¹ç®€ä½“è½¬æ¢ã€è‹±æ–‡æ¨¡æ‹Ÿä¸­æ–‡å‘éŸ³ã€æ±ªå³°æ­Œè¯ç”Ÿæˆå™¨ã€èŒä¸šåç§°è¯åº“ã€åŒä¹‰è¯åº“ã€åä¹‰è¯åº“ã€å¦å®šè¯åº“ã€æ±½è½¦å“ç‰Œè¯åº“ã€æ±½è½¦é›¶ä»¶è¯åº“ã€è¿ç»­è‹±æ–‡åˆ‡å‰²ã€å„ç§ä¸­æ–‡è¯å‘é‡ã€å…¬å¸åå­—å¤§å…¨ã€å¤è¯—è¯åº“ã€ITè¯åº“ã€è´¢ç»è¯åº“ã€æˆè¯­è¯åº“ã€åœ°åè¯åº“ã€å†å²åäººè¯åº“ã€è¯—è¯è¯åº“ã€åŒ»å­¦è¯åº“ã€é¥®é£Ÿè¯åº“ã€æ³•å¾‹è¯åº“ã€æ±½è½¦è¯åº“ã€åŠ¨ç‰©è¯åº“ã€ä¸­æ–‡èŠå¤©è¯­æ–™ã€ä¸­æ–‡è°£è¨€æ•°æ®ã€ç™¾åº¦ä¸­æ–‡é—®ç­”æ•°æ®é›†ã€å¥å­ç›¸ä¼¼åº¦åŒ¹é…ç®—æ³•é›†åˆã€bertèµ„æºã€æ–‡æœ¬ç”Ÿæˆ&æ‘˜è¦ç›¸å…³å·¥å…·ã€cocoNLPä¿¡æ¯æŠ½å–å·¥å…·ã€å›½å†…ç”µè¯å·ç æ­£åˆ™åŒ¹é…ã€æ¸…åå¤§å­¦XLORE:ä¸­è‹±æ–‡è·¨è¯­è¨€ç™¾ç§‘çŸ¥è¯†å›¾è°±ã€æ¸…åå¤§å­¦äººå·¥æ™ºèƒ½æŠ€æœ¯ç³»åˆ—æŠ¥å‘Šã€è‡ªç„¶è¯­è¨€ç”Ÿæˆã€NLUå¤ªéš¾äº†ç³»åˆ—ã€è‡ªåŠ¨å¯¹è”æ•°æ®åŠæœºå™¨äººã€ç”¨æˆ·åé»‘åå•åˆ—è¡¨ã€ç½ªåæ³•åŠ¡åè¯åŠåˆ†ç±»æ¨¡å‹ã€å¾®ä¿¡å…¬ä¼—å·è¯­æ–™ã€cs224næ·±åº¦å­¦ä¹ è‡ªç„¶è¯­è¨€å¤„ç†è¯¾ç¨‹ã€ä¸­æ–‡æ‰‹å†™æ±‰å­—è¯†åˆ«ã€ä¸­æ–‡è‡ªç„¶è¯­è¨€å¤„ç† è¯­æ–™/æ•°æ®é›†ã€å˜é‡å‘½åç¥å™¨ã€åˆ†è¯è¯­æ–™åº“+ä»£ç ã€ä»»åŠ¡å‹å¯¹è¯è‹±æ–‡æ•°æ®é›†ã€ASR è¯­éŸ³æ•°æ®é›† + åŸºäºæ·±åº¦å­¦ä¹ çš„ä¸­æ–‡è¯­éŸ³è¯†åˆ«ç³»ç»Ÿã€ç¬‘å£°æ£€æµ‹å™¨ã€Microsoftå¤šè¯­è¨€æ•°å­—/å•ä½/å¦‚æ—¥æœŸæ—¶é—´è¯†åˆ«åŒ…ã€ä¸­åæ–°åå­—å…¸æ•°æ®åº“åŠapi(åŒ…æ‹¬å¸¸ç”¨æ­‡åè¯­ã€æˆè¯­ã€è¯è¯­å’Œæ±‰å­—)ã€æ–‡æ¡£å›¾è°±è‡ªåŠ¨ç”Ÿæˆã€SpaCy ä¸­æ–‡æ¨¡å‹ã€Common Voiceè¯­éŸ³è¯†åˆ«æ•°æ®é›†æ–°ç‰ˆã€ç¥ç»ç½‘ç»œå…³ç³»æŠ½å–ã€åŸºäºbertçš„å‘½åå®ä½“è¯†åˆ«ã€å…³é”®è¯(Keyphrase)æŠ½å–åŒ…pkeã€åŸºäºåŒ»ç–—é¢†åŸŸçŸ¥è¯†å›¾è°±çš„é—®ç­”ç³»ç»Ÿã€åŸºäºä¾å­˜å¥æ³•ä¸è¯­ä¹‰è§’è‰²æ ‡æ³¨çš„äº‹ä»¶ä¸‰å…ƒç»„æŠ½å–ã€ä¾å­˜å¥æ³•åˆ†æ4ä¸‡å¥é«˜è´¨é‡æ ‡æ³¨æ•°æ®ã€cnocrï¼šç”¨æ¥åšä¸­æ–‡OCRçš„Python3åŒ…ã€ä¸­æ–‡äººç‰©å…³ç³»çŸ¥è¯†å›¾è°±é¡¹ç›®ã€ä¸­æ–‡nlpç«èµ›é¡¹ç›®åŠä»£ç æ±‡æ€»ã€ä¸­æ–‡å­—ç¬¦æ•°æ®ã€speech-aligner: ä»â€œäººå£°è¯­éŸ³â€åŠå…¶â€œè¯­è¨€æ–‡æœ¬â€äº§ç”ŸéŸ³ç´ çº§åˆ«æ—¶é—´å¯¹é½æ ‡æ³¨çš„å·¥å…·ã€AmpliGraph: çŸ¥è¯†å›¾è°±è¡¨ç¤ºå­¦ä¹ (Python)åº“ï¼šçŸ¥è¯†å›¾è°±æ¦‚å¿µé“¾æ¥é¢„æµ‹ã€Scattertext æ–‡æœ¬å¯è§†åŒ–(python)ã€è¯­è¨€/çŸ¥è¯†è¡¨ç¤ºå·¥å…·ï¼šBERT & ERNIEã€ä¸­æ–‡å¯¹æ¯”è‹±æ–‡è‡ªç„¶è¯­è¨€å¤„ç†NLPçš„åŒºåˆ«ç»¼è¿°ã€Synonymsä¸­æ–‡è¿‘ä¹‰è¯å·¥å…·åŒ…ã€HarvestTexté¢†åŸŸè‡ªé€‚åº”æ–‡æœ¬æŒ–æ˜å·¥å…·ï¼ˆæ–°è¯å‘ç°-æƒ…æ„Ÿåˆ†æ-å®ä½“é“¾æ¥ç­‰ï¼‰ã€word2wordï¼š(Python)æ–¹ä¾¿æ˜“ç”¨çš„å¤šè¯­è¨€è¯-è¯å¯¹é›†ï¼š62ç§è¯­è¨€/3,564ä¸ªå¤šè¯­è¨€å¯¹ã€è¯­éŸ³è¯†åˆ«è¯­æ–™ç”Ÿæˆå·¥å…·ï¼šä»å…·æœ‰éŸ³é¢‘/å­—å¹•çš„åœ¨çº¿è§†é¢‘åˆ›å»ºè‡ªåŠ¨è¯­éŸ³è¯†åˆ«(ASR)è¯­æ–™åº“ã€æ„å»ºåŒ»ç–—å®ä½“è¯†åˆ«çš„æ¨¡å‹ï¼ˆåŒ…å«è¯å…¸å’Œè¯­æ–™æ ‡æ³¨ï¼‰ã€å•æ–‡æ¡£éç›‘ç£çš„å…³é”®è¯æŠ½å–ã€Kashgariä¸­ä½¿ç”¨gpt-2è¯­è¨€æ¨¡å‹ã€å¼€æºçš„é‡‘èæŠ•èµ„æ•°æ®æå–å·¥å…·ã€æ–‡æœ¬è‡ªåŠ¨æ‘˜è¦åº“TextTeaser: ä»…æ”¯æŒè‹±æ–‡ã€äººæ°‘æ—¥æŠ¥è¯­æ–™å¤„ç†å·¥å…·é›†ã€ä¸€äº›å…³äºè‡ªç„¶è¯­è¨€çš„åŸºæœ¬æ¨¡å‹ã€åŸºäº14Wæ­Œæ›²çŸ¥è¯†åº“çš„é—®ç­”å°è¯•--åŠŸèƒ½åŒ…æ‹¬æ­Œè¯æ¥é¾™andå·²çŸ¥æ­Œè¯æ‰¾æ­Œæ›²ä»¥åŠæ­Œæ›²æ­Œæ‰‹æ­Œè¯ä¸‰è§’å…³ç³»çš„é—®ç­”ã€åŸºäºSiamese bilstmæ¨¡å‹çš„ç›¸ä¼¼å¥å­åˆ¤å®šæ¨¡å‹å¹¶æä¾›è®­ç»ƒæ•°æ®é›†å’Œæµ‹è¯•æ•°æ®é›†ã€ç”¨Transformerç¼–è§£ç æ¨¡å‹å®ç°çš„æ ¹æ®Hacker Newsæ–‡ç« æ ‡é¢˜è‡ªåŠ¨ç”Ÿæˆè¯„è®ºã€ç”¨BERTè¿›è¡Œåºåˆ—æ ‡è®°å’Œæ–‡æœ¬åˆ†ç±»çš„æ¨¡æ¿ä»£ç ã€LitBankï¼šNLPæ•°æ®é›†â€”â€”æ”¯æŒè‡ªç„¶è¯­è¨€å¤„ç†å’Œè®¡ç®—äººæ–‡å­¦ç§‘ä»»åŠ¡çš„100éƒ¨å¸¦æ ‡è®°è‹±æ–‡å°è¯´è¯­æ–™ã€ç™¾åº¦å¼€æºçš„åŸºå‡†ä¿¡æ¯æŠ½å–ç³»ç»Ÿã€è™šå‡æ–°é—»æ•°æ®é›†ã€Facebook: LAMAè¯­è¨€æ¨¡å‹åˆ†æï¼Œæä¾›Transformer-XL/BERT/ELMo/GPTé¢„è®­ç»ƒè¯­è¨€æ¨¡å‹çš„ç»Ÿä¸€è®¿é—®æ¥å£ã€CommonsenseQAï¼šé¢å‘å¸¸è¯†çš„è‹±æ–‡QAæŒ‘æˆ˜ã€ä¸­æ–‡çŸ¥è¯†å›¾è°±èµ„æ–™ã€æ•°æ®åŠå·¥å…·ã€å„å¤§å…¬å¸å†…éƒ¨é‡Œå¤§ç‰›åˆ†äº«çš„æŠ€æœ¯æ–‡æ¡£ PDF æˆ–è€… PPTã€è‡ªç„¶è¯­è¨€ç”ŸæˆSQLè¯­å¥ï¼ˆè‹±æ–‡ï¼‰ã€ä¸­æ–‡NLPæ•°æ®å¢å¼ºï¼ˆEDAï¼‰å·¥å…·ã€è‹±æ–‡NLPæ•°æ®å¢å¼ºå·¥å…· ã€åŸºäºåŒ»è¯çŸ¥è¯†å›¾è°±çš„æ™ºèƒ½é—®ç­”ç³»ç»Ÿã€äº¬ä¸œå•†å“çŸ¥è¯†å›¾è°±ã€åŸºäºmongodbå­˜å‚¨çš„å†›äº‹é¢†åŸŸçŸ¥è¯†å›¾è°±é—®ç­”é¡¹ç›®ã€åŸºäºè¿œç›‘ç£çš„ä¸­æ–‡å…³ç³»æŠ½å–ã€è¯­éŸ³æƒ…æ„Ÿåˆ†æã€ä¸­æ–‡ULMFiT-æƒ…æ„Ÿåˆ†æ-æ–‡æœ¬åˆ†ç±»-è¯­æ–™åŠæ¨¡å‹ã€ä¸€ä¸ªæ‹ç…§åšé¢˜ç¨‹åºã€ä¸–ç•Œå„å›½å¤§è§„æ¨¡äººååº“ã€ä¸€ä¸ªåˆ©ç”¨æœ‰è¶£ä¸­æ–‡è¯­æ–™åº“ qingyun è®­ç»ƒå‡ºæ¥çš„ä¸­æ–‡èŠå¤©æœºå™¨äººã€ä¸­æ–‡èŠå¤©æœºå™¨äººseqGANã€çœå¸‚åŒºé•‡è¡Œæ”¿åŒºåˆ’æ•°æ®å¸¦æ‹¼éŸ³æ ‡æ³¨ã€æ•™è‚²è¡Œä¸šæ–°é—»è¯­æ–™åº“åŒ…å«è‡ªåŠ¨æ–‡æ‘˜åŠŸèƒ½ã€å¼€æ”¾äº†å¯¹è¯æœºå™¨äºº-çŸ¥è¯†å›¾è°±-è¯­ä¹‰ç†è§£-è‡ªç„¶è¯­è¨€å¤„ç†å·¥å…·åŠæ•°æ®ã€ä¸­æ–‡çŸ¥è¯†å›¾è°±ï¼šåŸºäºç™¾åº¦ç™¾ç§‘ä¸­æ–‡é¡µé¢-æŠ½å–ä¸‰å…ƒç»„ä¿¡æ¯-æ„å»ºä¸­æ–‡çŸ¥è¯†å›¾è°±ã€masr: ä¸­æ–‡è¯­éŸ³è¯†åˆ«-æä¾›é¢„è®­ç»ƒæ¨¡å‹-é«˜è¯†åˆ«ç‡ã€PythonéŸ³é¢‘æ•°æ®å¢å¹¿åº“ã€ä¸­æ–‡å…¨è¯è¦†ç›–BERTåŠä¸¤ä»½é˜…è¯»ç†è§£æ•°æ®ã€ConvLabï¼šå¼€æºå¤šåŸŸç«¯åˆ°ç«¯å¯¹è¯ç³»ç»Ÿå¹³å°ã€ä¸­æ–‡è‡ªç„¶è¯­è¨€å¤„ç†æ•°æ®é›†ã€åŸºäºæœ€æ–°ç‰ˆæœ¬rasaæ­å»ºçš„å¯¹è¯ç³»ç»Ÿã€åŸºäºTensorFlowå’ŒBERTçš„ç®¡é“å¼å®ä½“åŠå…³ç³»æŠ½å–ã€ä¸€ä¸ªå°å‹çš„è¯åˆ¸çŸ¥è¯†å›¾è°±/çŸ¥è¯†åº“ã€å¤ç›˜æ‰€æœ‰NLPæ¯”èµ›çš„TOPæ–¹æ¡ˆã€OpenCLaPï¼šå¤šé¢†åŸŸå¼€æºä¸­æ–‡é¢„è®­ç»ƒè¯­è¨€æ¨¡å‹ä»“åº“ã€UERï¼šåŸºäºä¸åŒè¯­æ–™+ç¼–ç å™¨+ç›®æ ‡ä»»åŠ¡çš„ä¸­æ–‡é¢„è®­ç»ƒæ¨¡å‹ä»“åº“ã€ä¸­æ–‡è‡ªç„¶è¯­è¨€å¤„ç†å‘é‡åˆé›†ã€åŸºäºé‡‘è-å¸æ³•é¢†åŸŸ(å…¼æœ‰é—²èŠæ€§è´¨)çš„èŠå¤©æœºå™¨äººã€g2pCï¼šåŸºäºä¸Šä¸‹æ–‡çš„æ±‰è¯­è¯»éŸ³è‡ªåŠ¨æ ‡è®°æ¨¡å—ã€Zincbase çŸ¥è¯†å›¾è°±æ„å»ºå·¥å…·åŒ…ã€è¯—æ­Œè´¨é‡è¯„ä»·/ç»†ç²’åº¦æƒ…æ„Ÿè¯—æ­Œè¯­æ–™åº“ã€å¿«é€Ÿè½¬åŒ–ã€Œä¸­æ–‡æ•°å­—ã€å’Œã€Œé˜¿æ‹‰ä¼¯æ•°å­—ã€ã€ç™¾åº¦çŸ¥é“é—®ç­”è¯­æ–™åº“ã€åŸºäºçŸ¥è¯†å›¾è°±çš„é—®ç­”ç³»ç»Ÿã€jieba_fast åŠ é€Ÿç‰ˆçš„jiebaã€æ­£åˆ™è¡¨è¾¾å¼æ•™ç¨‹ã€ä¸­æ–‡é˜…è¯»ç†è§£æ•°æ®é›†ã€åŸºäºBERTç­‰æœ€æ–°è¯­è¨€æ¨¡å‹çš„æŠ½å–å¼æ‘˜è¦æå–ã€Pythonåˆ©ç”¨æ·±åº¦å­¦ä¹ è¿›è¡Œæ–‡æœ¬æ‘˜è¦çš„ç»¼åˆæŒ‡å—ã€çŸ¥è¯†å›¾è°±æ·±åº¦å­¦ä¹ ç›¸å…³èµ„æ–™æ•´ç†ã€ç»´åŸºå¤§è§„æ¨¡å¹³è¡Œæ–‡æœ¬è¯­æ–™ã€StanfordNLP 0.2.0ï¼šçº¯Pythonç‰ˆè‡ªç„¶è¯­è¨€å¤„ç†åŒ…ã€NeuralNLP-NeuralClassifierï¼šè…¾è®¯å¼€æºæ·±åº¦å­¦ä¹ æ–‡æœ¬åˆ†ç±»å·¥å…·ã€ç«¯åˆ°ç«¯çš„å°é—­åŸŸå¯¹è¯ç³»ç»Ÿã€ä¸­æ–‡å‘½åå®ä½“è¯†åˆ«ï¼šNeuroNER vs. BertNERã€æ–°é—»äº‹ä»¶çº¿ç´¢æŠ½å–ã€2019å¹´ç™¾åº¦çš„ä¸‰å…ƒç»„æŠ½å–æ¯”èµ›ï¼šâ€œç§‘å­¦ç©ºé—´é˜Ÿâ€æºç ã€åŸºäºä¾å­˜å¥æ³•çš„å¼€æ”¾åŸŸæ–‡æœ¬çŸ¥è¯†ä¸‰å…ƒç»„æŠ½å–å’ŒçŸ¥è¯†åº“æ„å»ºã€ä¸­æ–‡çš„GPT2è®­ç»ƒä»£ç ã€ML-NLP - æœºå™¨å­¦ä¹ (Machine Learning)NLPé¢è¯•ä¸­å¸¸è€ƒåˆ°çš„çŸ¥è¯†ç‚¹å’Œä»£ç å®ç°ã€nlp4han:ä¸­æ–‡è‡ªç„¶è¯­è¨€å¤„ç†å·¥å…·é›†(æ–­å¥/åˆ†è¯/è¯æ€§æ ‡æ³¨/ç»„å—/å¥æ³•åˆ†æ/è¯­ä¹‰åˆ†æ/NER/Nå…ƒè¯­æ³•/HMM/ä»£è¯æ¶ˆè§£/æƒ…æ„Ÿåˆ†æ/æ‹¼å†™æ£€æŸ¥ã€XLMï¼šFacebookçš„è·¨è¯­è¨€é¢„è®­ç»ƒè¯­è¨€æ¨¡å‹ã€ç”¨åŸºäºBERTçš„å¾®è°ƒå’Œç‰¹å¾æå–æ–¹æ³•æ¥è¿›è¡ŒçŸ¥è¯†å›¾è°±ç™¾åº¦ç™¾ç§‘äººç‰©è¯æ¡å±æ€§æŠ½å–ã€ä¸­æ–‡è‡ªç„¶è¯­è¨€å¤„ç†ç›¸å…³çš„å¼€æ”¾ä»»åŠ¡-æ•°æ®é›†-å½“å‰æœ€ä½³ç»“æœã€CoupletAI - åŸºäºCNN+Bi-LSTM+Attention çš„è‡ªåŠ¨å¯¹å¯¹è”ç³»ç»Ÿã€æŠ½è±¡çŸ¥è¯†å›¾è°±ã€MiningZhiDaoQACorpus - 580ä¸‡ç™¾åº¦çŸ¥é“é—®ç­”æ•°æ®æŒ–æ˜é¡¹ç›®ã€brat rapid annotation tool: åºåˆ—æ ‡æ³¨å·¥å…·ã€å¤§è§„æ¨¡ä¸­æ–‡çŸ¥è¯†å›¾è°±æ•°æ®ï¼š1.4äº¿å®ä½“ã€æ•°æ®å¢å¼ºåœ¨æœºå™¨ç¿»è¯‘åŠå…¶ä»–nlpä»»åŠ¡ä¸­çš„åº”ç”¨åŠæ•ˆæœã€allennlpé˜…è¯»ç†è§£:æ”¯æŒå¤šç§æ•°æ®å’Œæ¨¡å‹ã€PDFè¡¨æ ¼æ•°æ®æå–å·¥å…· ã€ Graphbrainï¼šAIå¼€æºè½¯ä»¶åº“å’Œç§‘ç ”å·¥å…·ï¼Œç›®çš„æ˜¯ä¿ƒè¿›è‡ªåŠ¨æ„ä¹‰æå–å’Œæ–‡æœ¬ç†è§£ä»¥åŠçŸ¥è¯†çš„æ¢ç´¢å’Œæ¨æ–­ã€ç®€å†è‡ªåŠ¨ç­›é€‰ç³»ç»Ÿã€åŸºäºå‘½åå®ä½“è¯†åˆ«çš„ç®€å†è‡ªåŠ¨æ‘˜è¦ã€ä¸­æ–‡è¯­è¨€ç†è§£æµ‹è¯„åŸºå‡†ï¼ŒåŒ…æ‹¬ä»£è¡¨æ€§çš„æ•°æ®é›†&åŸºå‡†æ¨¡å‹&è¯­æ–™åº“&æ’è¡Œæ¦œã€æ ‘æ´ OCR æ–‡å­—è¯†åˆ« ã€ä»åŒ…å«è¡¨æ ¼çš„æ‰«æå›¾ç‰‡ä¸­è¯†åˆ«è¡¨æ ¼å’Œæ–‡å­—ã€è¯­å£°è¿ç§»ã€Pythonå£è¯­è‡ªç„¶è¯­è¨€å¤„ç†å·¥å…·é›†(è‹±æ–‡)ã€ similarityï¼šç›¸ä¼¼åº¦è®¡ç®—å·¥å…·åŒ…ï¼Œjavaç¼–å†™ã€æµ·é‡ä¸­æ–‡é¢„è®­ç»ƒALBERTæ¨¡å‹ ã€Transformers 2.0 ã€åŸºäºå¤§è§„æ¨¡éŸ³é¢‘æ•°æ®é›†Audiosetçš„éŸ³é¢‘å¢å¼º ã€Poplarï¼šç½‘é¡µç‰ˆè‡ªç„¶è¯­è¨€æ ‡æ³¨å·¥å…·ã€å›¾ç‰‡æ–‡å­—å»é™¤ï¼Œå¯ç”¨äºæ¼«ç”»ç¿»è¯‘ ã€186ç§è¯­è¨€çš„æ•°å­—å«æ³•åº“ã€Amazonå‘å¸ƒåŸºäºçŸ¥è¯†çš„äºº-äººå¼€æ”¾é¢†åŸŸå¯¹è¯æ•°æ®é›† ã€ä¸­æ–‡æ–‡æœ¬çº é”™æ¨¡å—ä»£ç ã€ç¹ç®€ä½“è½¬æ¢ ã€ Pythonå®ç°çš„å¤šç§æ–‡æœ¬å¯è¯»æ€§è¯„ä»·æŒ‡æ ‡ã€ç±»ä¼¼äºäººå/åœ°å/ç»„ç»‡æœºæ„åçš„å‘½åä½“è¯†åˆ«æ•°æ®é›† ã€ä¸œå—å¤§å­¦ã€ŠçŸ¥è¯†å›¾è°±ã€‹ç ”ç©¶ç”Ÿè¯¾ç¨‹(èµ„æ–™)ã€. è‹±æ–‡æ‹¼å†™æ£€æŸ¥åº“ ã€ wwsearchæ˜¯ä¼ä¸šå¾®ä¿¡åå°è‡ªç ”çš„å…¨æ–‡æ£€ç´¢å¼•æ“ã€CHAMELEONï¼šæ·±åº¦å­¦ä¹ æ–°é—»æ¨èç³»ç»Ÿå…ƒæ¶æ„ ã€ 8ç¯‡è®ºæ–‡æ¢³ç†BERTç›¸å…³æ¨¡å‹è¿›å±•ä¸åæ€ã€DocSearchï¼šå…è´¹æ–‡æ¡£æœç´¢å¼•æ“ã€ LIDAï¼šè½»é‡äº¤äº’å¼å¯¹è¯æ ‡æ³¨å·¥å…· ã€aili - the fastest in-memory index in the East ä¸œåŠçƒæœ€å¿«å¹¶å‘ç´¢å¼• ã€çŸ¥è¯†å›¾è°±è½¦éŸ³å·¥ä½œé¡¹ç›®ã€è‡ªç„¶è¯­è¨€ç”Ÿæˆèµ„æºå¤§å…¨ ã€ä¸­æ—¥éŸ©åˆ†è¯åº“mecabçš„Pythonæ¥å£åº“ã€ä¸­æ–‡æ–‡æœ¬æ‘˜è¦/å…³é”®è¯æå–ã€æ±‰å­—å­—ç¬¦ç‰¹å¾æå–å™¨ (featurizer)ï¼Œæå–æ±‰å­—çš„ç‰¹å¾ï¼ˆå‘éŸ³ç‰¹å¾ã€å­—å½¢ç‰¹å¾ï¼‰ç”¨åšæ·±åº¦å­¦ä¹ çš„ç‰¹å¾ã€ä¸­æ–‡ç”Ÿæˆä»»åŠ¡åŸºå‡†æµ‹è¯„ ã€ä¸­æ–‡ç¼©å†™æ•°æ®é›†ã€ä¸­æ–‡ä»»åŠ¡åŸºå‡†æµ‹è¯„ - ä»£è¡¨æ€§çš„æ•°æ®é›†-åŸºå‡†(é¢„è®­ç»ƒ)æ¨¡å‹-è¯­æ–™åº“-baseline-å·¥å…·åŒ…-æ’è¡Œæ¦œã€PySS3ï¼šé¢å‘å¯è§£é‡ŠAIçš„SS3æ–‡æœ¬åˆ†ç±»å™¨æœºå™¨å¯è§†åŒ–å·¥å…· ã€ä¸­æ–‡NLPæ•°æ®é›†åˆ—è¡¨ã€COPE - æ ¼å¾‹è¯—ç¼–è¾‘ç¨‹åºã€doccanoï¼šåŸºäºç½‘é¡µçš„å¼€æºååŒå¤šè¯­è¨€æ–‡æœ¬æ ‡æ³¨å·¥å…· ã€PreNLPï¼šè‡ªç„¶è¯­è¨€é¢„å¤„ç†åº“ã€ç®€å•çš„ç®€å†è§£æå™¨ï¼Œç”¨æ¥ä»ç®€å†ä¸­æå–å…³é”®ä¿¡æ¯ã€ç”¨äºä¸­æ–‡é—²èŠçš„GPT2æ¨¡å‹ï¼šGPT2-chitchatã€åŸºäºæ£€ç´¢èŠå¤©æœºå™¨äººå¤šè½®å“åº”é€‰æ‹©ç›¸å…³èµ„æºåˆ—è¡¨(Leaderboardsã€Datasetsã€Papers)ã€(Colab)æŠ½è±¡æ–‡æœ¬æ‘˜è¦å®ç°é›†é”¦(æ•™ç¨‹ ã€è¯è¯­æ‹¼éŸ³æ•°æ®ã€é«˜æ•ˆæ¨¡ç³Šæœç´¢å·¥å…·ã€NLPæ•°æ®å¢å¹¿èµ„æºé›†ã€å¾®è½¯å¯¹è¯æœºå™¨äººæ¡†æ¶ ã€ GitHub Typo Corpusï¼šå¤§è§„æ¨¡GitHubå¤šè¯­è¨€æ‹¼å†™é”™è¯¯/è¯­æ³•é”™è¯¯æ•°æ®é›†ã€TextClusterï¼šçŸ­æ–‡æœ¬èšç±»é¢„å¤„ç†æ¨¡å— Short text clusterã€é¢å‘è¯­éŸ³è¯†åˆ«çš„ä¸­æ–‡æ–‡æœ¬è§„èŒƒåŒ–ã€BLINKï¼šæœ€å…ˆè¿›çš„å®ä½“é“¾æ¥åº“ã€BertPuncï¼šåŸºäºBERTçš„æœ€å…ˆè¿›æ ‡ç‚¹ä¿®å¤æ¨¡å‹ã€Tokenizerï¼šå¿«é€Ÿã€å¯å®šåˆ¶çš„æ–‡æœ¬è¯æ¡åŒ–åº“ã€ä¸­æ–‡è¯­è¨€ç†è§£æµ‹è¯„åŸºå‡†ï¼ŒåŒ…æ‹¬ä»£è¡¨æ€§çš„æ•°æ®é›†ã€åŸºå‡†(é¢„è®­ç»ƒ)æ¨¡å‹ã€è¯­æ–™åº“ã€æ’è¡Œæ¦œã€spaCy åŒ»å­¦æ–‡æœ¬æŒ–æ˜ä¸ä¿¡æ¯æå– ã€ NLPä»»åŠ¡ç¤ºä¾‹é¡¹ç›®ä»£ç é›†ã€ pythonæ‹¼å†™æ£€æŸ¥åº“ã€chatbot-list - è¡Œä¸šå†…å…³äºæ™ºèƒ½å®¢æœã€èŠå¤©æœºå™¨äººçš„åº”ç”¨å’Œæ¶æ„ã€ç®—æ³•åˆ†äº«å’Œä»‹ç»ã€è¯­éŸ³è´¨é‡è¯„ä»·æŒ‡æ ‡(MOSNet, BSSEval, STOI, PESQ, SRMR)ã€ ç”¨138GBè¯­æ–™è®­ç»ƒçš„æ³•æ–‡RoBERTaé¢„è®­ç»ƒè¯­è¨€æ¨¡å‹ ã€BERT-NER-Pytorchï¼šä¸‰ç§ä¸åŒæ¨¡å¼çš„BERTä¸­æ–‡NERå®éªŒã€æ— é“è¯å…¸ - æœ‰é“è¯å…¸çš„å‘½ä»¤è¡Œç‰ˆæœ¬ï¼Œæ”¯æŒè‹±æ±‰äº’æŸ¥å’Œåœ¨çº¿æŸ¥è¯¢ã€2019å¹´NLPäº®ç‚¹å›é¡¾ã€ Chinese medical dialogue data ä¸­æ–‡åŒ»ç–—å¯¹è¯æ•°æ®é›† ã€æœ€å¥½çš„æ±‰å­—æ•°å­—(ä¸­æ–‡æ•°å­—)-é˜¿æ‹‰ä¼¯æ•°å­—è½¬æ¢å·¥å…·ã€ åŸºäºç™¾ç§‘çŸ¥è¯†åº“çš„ä¸­æ–‡è¯è¯­å¤šè¯ä¹‰/ä¹‰é¡¹è·å–ä¸ç‰¹å®šå¥å­è¯è¯­è¯­ä¹‰æ¶ˆæ­§ã€awesome-nlp-sentiment-analysis - æƒ…æ„Ÿåˆ†æã€æƒ…ç»ªåŸå› è¯†åˆ«ã€è¯„ä»·å¯¹è±¡å’Œè¯„ä»·è¯æŠ½å–ã€LineFlowï¼šé¢å‘æ‰€æœ‰æ·±åº¦å­¦ä¹ æ¡†æ¶çš„NLPæ•°æ®é«˜æ•ˆåŠ è½½å™¨ã€ä¸­æ–‡åŒ»å­¦NLPå…¬å¼€èµ„æºæ•´ç† ã€MedQuADï¼š(è‹±æ–‡)åŒ»å­¦é—®ç­”æ•°æ®é›†ã€å°†è‡ªç„¶è¯­è¨€æ•°å­—ä¸²è§£æè½¬æ¢ä¸ºæ•´æ•°å’Œæµ®ç‚¹æ•°ã€Transfer Learning in Natural Language Processing (NLP) ã€é¢å‘è¯­éŸ³è¯†åˆ«çš„ä¸­æ–‡/è‹±æ–‡å‘éŸ³è¾å…¸ã€Tokenizersï¼šæ³¨é‡æ€§èƒ½ä¸å¤šåŠŸèƒ½æ€§çš„æœ€å…ˆè¿›åˆ†è¯å™¨ã€CLUENER ç»†ç²’åº¦å‘½åå®ä½“è¯†åˆ« Fine Grained Named Entity Recognitionã€ åŸºäºBERTçš„ä¸­æ–‡å‘½åå®ä½“è¯†åˆ«ã€ä¸­æ–‡è°£è¨€æ•°æ®åº“ã€NLPæ•°æ®é›†/åŸºå‡†ä»»åŠ¡å¤§åˆ—è¡¨ã€nlpç›¸å…³çš„ä¸€äº›è®ºæ–‡åŠä»£ç , åŒ…æ‹¬ä¸»é¢˜æ¨¡å‹ã€è¯å‘é‡(Word Embedding)ã€å‘½åå®ä½“è¯†åˆ«(NER)ã€æ–‡æœ¬åˆ†ç±»(Text Classificatin)ã€æ–‡æœ¬ç”Ÿæˆ(Text Generation)ã€æ–‡æœ¬ç›¸ä¼¼æ€§(Text Similarity)è®¡ç®—ç­‰ï¼Œæ¶‰åŠåˆ°å„ç§ä¸nlpç›¸å…³çš„ç®—æ³•ï¼ŒåŸºäºkeraså’Œtensorflow ã€Pythonæ–‡æœ¬æŒ–æ˜/NLPå®æˆ˜ç¤ºä¾‹ã€ Blackstoneï¼šé¢å‘éç»“æ„åŒ–æ³•å¾‹æ–‡æœ¬çš„spaCy pipelineå’ŒNLPæ¨¡å‹é€šè¿‡åŒä¹‰è¯æ›¿æ¢å®ç°æ–‡æœ¬â€œå˜è„¸â€ ã€ä¸­æ–‡ é¢„è®­ç»ƒ ELECTREA æ¨¡å‹: åŸºäºå¯¹æŠ—å­¦ä¹  pretrain Chinese Model ã€albert-chinese-ner - ç”¨é¢„è®­ç»ƒè¯­è¨€æ¨¡å‹ALBERTåšä¸­æ–‡NER ã€åŸºäºGPT2çš„ç‰¹å®šä¸»é¢˜æ–‡æœ¬ç”Ÿæˆ/æ–‡æœ¬å¢å¹¿ã€å¼€æºé¢„è®­ç»ƒè¯­è¨€æ¨¡å‹åˆé›†ã€å¤šè¯­è¨€å¥å‘é‡åŒ…ã€ç¼–ç ã€æ ‡è®°å’Œå®ç°ï¼šä¸€ç§å¯æ§é«˜æ•ˆçš„æ–‡æœ¬ç”Ÿæˆæ–¹æ³•ã€ è‹±æ–‡è„è¯å¤§åˆ—è¡¨ ã€attnvisï¼šGPT2ã€BERTç­‰transformerè¯­è¨€æ¨¡å‹æ³¨æ„åŠ›äº¤äº’å¯è§†åŒ–ã€CoVoSTï¼šFacebookå‘å¸ƒçš„å¤šè¯­ç§è¯­éŸ³-æ–‡æœ¬ç¿»è¯‘è¯­æ–™åº“ï¼ŒåŒ…æ‹¬11ç§è¯­è¨€(æ³•è¯­ã€å¾·è¯­ã€è·å…°è¯­ã€ä¿„è¯­ã€è¥¿ç­ç‰™è¯­ã€æ„å¤§åˆ©è¯­ã€åœŸè€³å…¶è¯­ã€æ³¢æ–¯è¯­ã€ç‘å…¸è¯­ã€è’™å¤è¯­å’Œä¸­æ–‡)çš„è¯­éŸ³ã€æ–‡å­—è½¬å½•åŠè‹±æ–‡è¯‘æ–‡ã€Jiaguè‡ªç„¶è¯­è¨€å¤„ç†å·¥å…· - ä»¥BiLSTMç­‰æ¨¡å‹ä¸ºåŸºç¡€ï¼Œæä¾›çŸ¥è¯†å›¾è°±å…³ç³»æŠ½å– ä¸­æ–‡åˆ†è¯ è¯æ€§æ ‡æ³¨ å‘½åå®ä½“è¯†åˆ« æƒ…æ„Ÿåˆ†æ æ–°è¯å‘ç° å…³é”®è¯ æ–‡æœ¬æ‘˜è¦ æ–‡æœ¬èšç±»ç­‰åŠŸèƒ½ã€ç”¨unetå®ç°å¯¹æ–‡æ¡£è¡¨æ ¼çš„è‡ªåŠ¨æ£€æµ‹ï¼Œè¡¨æ ¼é‡å»ºã€NLPäº‹ä»¶æå–æ–‡çŒ®èµ„æºåˆ—è¡¨ ã€ é‡‘èé¢†åŸŸè‡ªç„¶è¯­è¨€å¤„ç†ç ”ç©¶èµ„æºå¤§åˆ—è¡¨ã€CLUEDatasetSearch - ä¸­è‹±æ–‡NLPæ•°æ®é›†ï¼šæœç´¢æ‰€æœ‰ä¸­æ–‡NLPæ•°æ®é›†ï¼Œé™„å¸¸ç”¨è‹±æ–‡NLPæ•°æ®é›† ã€medical_NER - ä¸­æ–‡åŒ»å­¦çŸ¥è¯†å›¾è°±å‘½åå®ä½“è¯†åˆ« ã€(å“ˆä½›)è®²å› æœæ¨ç†çš„å…è´¹ä¹¦ã€çŸ¥è¯†å›¾è°±ç›¸å…³å­¦ä¹ èµ„æ–™/æ•°æ®é›†/å·¥å…·èµ„æºå¤§åˆ—è¡¨ã€Forteï¼šçµæ´»å¼ºå¤§çš„è‡ªç„¶è¯­è¨€å¤„ç†pipelineå·¥å…·é›† ã€Pythonå­—ç¬¦ä¸²ç›¸ä¼¼æ€§ç®—æ³•åº“ã€PyLaiaï¼šé¢å‘æ‰‹å†™æ–‡æ¡£åˆ†æçš„æ·±åº¦å­¦ä¹ å·¥å…·åŒ…ã€TextFoolerï¼šé’ˆå¯¹æ–‡æœ¬åˆ†ç±»/æ¨ç†çš„å¯¹æŠ—æ–‡æœ¬ç”Ÿæˆæ¨¡å—ã€Haystackï¼šçµæ´»ã€å¼ºå¤§çš„å¯æ‰©å±•é—®ç­”(QA)æ¡†æ¶ã€ä¸­æ–‡å…³é”®çŸ­è¯­æŠ½å–å·¥å…·"
system-design-101,ByteByteGoHq,https://github.com/ByteByteGoHq/system-design-101,75427,702,0,0,0,Unknown,0,0,0,8106,Explain complex systems using visuals and simple terms. Help you prepare for system design interviews.
syncthing,syncthing,https://github.com/syncthing/syncthing,75330,4285,0,10000,0,Go,0,0,0,4711,Open Source Continuous File Synchronization
github-readme-stats,anuraghazra,https://github.com/anuraghazra/github-readme-stats,75145,1868,0,0,0,JavaScript,0,0,0,25686,:zap: Dynamically generated stats for your github readmes
vite,vitejs,https://github.com/vitejs/vite,74820,1947,0,10000,0,TypeScript,0,0,0,7096,Next generation frontend tooling. It's fast!
json-server,typicode,https://github.com/typicode/json-server,74806,4284,0,38,0,JavaScript,0,0,0,7208,Get a full fake REST API with zero coding in less than 30 seconds (seriously)
union,unionlabs,https://github.com/unionlabs/union,74261,827,0,95,0,Rust,0,0,0,3786,"The trust-minimized, zero-knowledge bridging protocol, designed for censorship resistance, extremely high security, and usage in decentralized finance."
weekly,ruanyf,https://github.com/ruanyf/weekly,74071,2503,0,0,0,Unknown,0,0,0,3579,ç§‘æŠ€çˆ±å¥½è€…å‘¨åˆŠï¼Œæ¯å‘¨äº”å‘å¸ƒ
immich,immich-app,https://github.com/immich-app/immich,73808,1294,0,10000,0,TypeScript,0,0,0,3895,High performance self-hosted photo and video management solution.
elasticsearch,elastic,https://github.com/elastic/elasticsearch,73586,5672,0,10000,0,Java,0,0,0,25384,"Free and Open Source, Distributed, RESTful Search Engine"
hoppscotch,hoppscotch,https://github.com/hoppscotch/hoppscotch,73572,2191,0,83,0,TypeScript,0,0,0,5122,"Open source API development ecosystem - https://hoppscotch.io (open-source alternative to Postman, Insomnia)"
uptime-kuma,louislam,https://github.com/louislam/uptime-kuma,73522,1510,0,10000,0,JavaScript,0,0,0,6537,A fancy self-hosted monitoring tool
code-server,coder,https://github.com/coder/code-server,73489,2366,0,10000,0,TypeScript,0,0,0,6187,VS Code in the browser
awesome-vue,vuejs,https://github.com/vuejs/awesome-vue,73190,3593,3557,0,0,Unknown,228,190,0.8333333333333334,9476,ğŸ‰ A curated list of awesome things related to Vue.js
fzf,junegunn,https://github.com/junegunn/fzf,73056,4319,594,70,0,Go,3014,2779,0.9220305242203053,2572,:cherry_blossom: A command-line fuzzy finder
Best-websites-a-programmer-should-visit,sdmg15,https://github.com/sdmg15/Best-websites-a-programmer-should-visit,72835,3090,419,0,0,Unknown,174,103,0.5919540229885057,8348,:link: Some useful websites for programmers.
Deep-Live-Cam,hacksider,https://github.com/hacksider/Deep-Live-Cam,72613,696,85,8,0,Python,986,917,0.9300202839756593,10488,real time face swap and one-click video deepfake with only a single image
nest,nestjs,https://github.com/nestjs/nest,72320,3119,7406,10000,0,TypeScript,5673,5644,0.9948880662788648,7987,"A progressive Node.js framework for building efficient, scalable, and enterprise-grade server-side applications with TypeScript/JavaScript ğŸš€"
markitdown,microsoft,https://github.com/microsoft/markitdown,72080,280,147,14,0,Python,323,69,0.21362229102167182,3929,Python tool for converting files and office documents to Markdown.
d2l-zh,d2l-ai,https://github.com/d2l-ai/d2l-zh,71814,2919,1018,16,0,Python,0,0,0,11813,ã€ŠåŠ¨æ‰‹å­¦æ·±åº¦å­¦ä¹ ã€‹ï¼šé¢å‘ä¸­æ–‡è¯»è€…ã€èƒ½è¿è¡Œã€å¯è®¨è®ºã€‚ä¸­è‹±æ–‡ç‰ˆè¢«70å¤šä¸ªå›½å®¶çš„500å¤šæ‰€å¤§å­¦ç”¨äºæ•™å­¦ã€‚
stable-diffusion,CompVis,https://github.com/CompVis/stable-diffusion,71353,1106,5,0,0,Jupyter Notebook,727,195,0.26822558459422285,10498,A latent text-to-image diffusion model
clash-verge-rev,clash-verge-rev,https://github.com/clash-verge-rev/clash-verge-rev,71033,638,319,49,0,TypeScript,3774,3664,0.9708532061473238,5367,"A modern GUI client based on Tauri, designed to run in Windows, macOS and Linux for tailored proxy experience"
gemini-cli,google-gemini,https://github.com/google-gemini/gemini-cli,70788,125,1892,46,0,TypeScript,3519,2010,0.5711849957374254,7203,An open-source AI agent that brings the power of Gemini directly into your terminal.
screenshot-to-code,abi,https://github.com/abi/screenshot-to-code,70762,645,0,0,0,Python,0,0,0,8761,Drop in a screenshot and convert it to clean code (HTML/Tailwind/React/Vue)
Front-End-Checklist,thedaviddias,https://github.com/thedaviddias/Front-End-Checklist,70670,2865,0,1,0,Unknown,0,0,0,6539,ğŸ—‚ The perfect Front-End Checklist for modern websites and meticulous developers
redis,redis,https://github.com/redis/redis,70540,5996,0,96,0,C,0,0,0,24190,"For developers, who are building real-time data-driven applications, Redis is the preferred, fastest, and most feature-rich cache, data structure server, and document and vector query engine."
moby,moby,https://github.com/moby/moby,70501,4597,0,10000,0,Go,0,0,0,18799,The Moby Project - a collaborative project for the container ecosystem to assemble container-based systems
flask,pallets,https://github.com/pallets/flask,70196,5615,0,37,0,Python,0,0,0,16524,The Python micro framework for building web applications.
Ventoy,ventoy,https://github.com/ventoy/Ventoy,70000,1989,0,10000,0,C,0,0,0,4447,A new bootable USB solution.
cs-video-courses,Developer-Y,https://github.com/Developer-Y/cs-video-courses,69608,3225,0,0,0,Unknown,0,0,0,9369,List of Computer Science courses with video lectures.
grafana,grafana,https://github.com/grafana/grafana,69543,4270,0,10000,0,TypeScript,0,0,0,12873,"The open and composable observability and data visualization platform. Visualize metrics, logs, and traces from multiple sources like Prometheus, Loki, Elasticsearch, InfluxDB, Postgres and many more. "
awesome-react,enaqx,https://github.com/enaqx/awesome-react,69493,4032,0,0,0,Unknown,0,0,0,7407,A collection of awesome things regarding React ecosystem
reveal.js,hakimel,https://github.com/hakimel/reveal.js,69441,5188,0,49,0,JavaScript,0,0,0,16740,The HTML Presentation Framework
awesome-machine-learning,josephmisiti,https://github.com/josephmisiti/awesome-machine-learning,69388,4054,0,0,0,Python,0,0,0,15052,"A curated list of awesome Machine Learning frameworks, libraries and software."
PayloadsAllTheThings,swisskyrepo,https://github.com/swisskyrepo/PayloadsAllTheThings,69331,3228,0,5,0,Python,0,0,0,15825,A list of useful payloads and bypass for Web Application Security and Pentest/CTF
strapi,strapi,https://github.com/strapi/strapi,69205,3612,0,10000,0,TypeScript,0,0,0,8879,"ğŸš€ Strapi is the leading open-source headless CMS. Itâ€™s 100% JavaScript/TypeScript, fully customizable, and developer-first."
gpt_academic,binary-husky,https://github.com/binary-husky/gpt_academic,69137,884,0,32,0,Python,0,0,0,8366,"ä¸ºGPT/GLMç­‰LLMå¤§è¯­è¨€æ¨¡å‹æä¾›å®ç”¨åŒ–äº¤äº’æ¥å£ï¼Œç‰¹åˆ«ä¼˜åŒ–è®ºæ–‡é˜…è¯»/æ¶¦è‰²/å†™ä½œä½“éªŒï¼Œæ¨¡å—åŒ–è®¾è®¡ï¼Œæ”¯æŒè‡ªå®šä¹‰å¿«æ·æŒ‰é’®&å‡½æ•°æ’ä»¶ï¼Œæ”¯æŒPythonå’ŒC++ç­‰é¡¹ç›®å‰–æ&è‡ªè¯‘è§£åŠŸèƒ½ï¼ŒPDF/LaTexè®ºæ–‡ç¿»è¯‘&æ€»ç»“åŠŸèƒ½ï¼Œæ”¯æŒå¹¶è¡Œé—®è¯¢å¤šç§LLMæ¨¡å‹ï¼Œæ”¯æŒchatglm3ç­‰æœ¬åœ°æ¨¡å‹ã€‚æ¥å…¥é€šä¹‰åƒé—®, deepseekcoder, è®¯é£æ˜Ÿç«, æ–‡å¿ƒä¸€è¨€, llama2, rwkv, claude2, mossç­‰ã€‚"
swift,swiftlang,https://github.com/swiftlang/swift,68970,3589,0,60,0,C++,0,0,0,10518,The Swift Programming Language
tesseract,tesseract-ocr,https://github.com/tesseract-ocr/tesseract,68963,4026,0,34,0,C++,0,0,0,10135,Tesseract Open Source OCR Engine (main repository)
protobuf,protocolbuffers,https://github.com/protocolbuffers/protobuf,68848,4012,0,10000,0,C++,0,0,0,15829,Protocol Buffers - Google's data interchange format
cpython,python,https://github.com/python/cpython,68459,3113,0,0,0,Python,0,0,0,32673,The Python programming language
node,base,https://github.com/base/node,68446,931,0,54,0,Go,0,0,0,2758,Everything required to run your own Base node
browser-use,browser-use,https://github.com/browser-use/browser-use,68237,293,976,73,0,Python,1055,550,0.5213270142180095,7902,ğŸŒ Make websites accessible for AI agents. Automate tasks online with ease.
sherlock,sherlock-project,https://github.com/sherlock-project/sherlock,68114,2431,641,1,0,Python,1074,970,0.9031657355679702,7862,Hunt down social media accounts by username across social networks
imgui,ocornut,https://github.com/ocornut/imgui,67700,4048,398,10000,0,C++,6534,5524,0.8454239363330273,11135,Dear ImGui: Bloat-free Graphical User interface for C++ with minimal dependencies
superset,apache,https://github.com/apache/superset,67660,3683,14823,10000,0,TypeScript,11627,11163,0.9600928872452051,15535,Apache Superset is a Data Visualization and Data Exploration Platform
express,expressjs,https://github.com/expressjs/express,67557,5899,459,10000,0,JavaScript,3990,3885,0.9736842105263158,20320,"Fast, unopinionated, minimalist web framework for node."
openai-cookbook,openai,https://github.com/openai/openai-cookbook,67298,1259,862,0,0,Jupyter Notebook,598,557,0.931438127090301,11179,Examples and guides for using the OpenAI API
new-pac,Alvin9999,https://github.com/Alvin9999/new-pac,67209,3437,0,0,0,Python,1769,1333,0.7535330695308083,10271,ç¿»å¢™-ç§‘å­¦ä¸Šç½‘ã€è‡ªç”±ä¸Šç½‘ã€å…è´¹ç§‘å­¦ä¸Šç½‘ã€å…è´¹ç¿»å¢™ã€fanqiangã€æ²¹ç®¡youtube/è§†é¢‘ä¸‹è½½ã€è½¯ä»¶ã€VPNã€ä¸€é”®ç¿»å¢™æµè§ˆå™¨ï¼Œvpsä¸€é”®æ­å»ºç¿»å¢™æœåŠ¡å™¨è„šæœ¬/æ•™ç¨‹ï¼Œå…è´¹shadowsocks/ss/ssr/v2ray/goflywayè´¦å·/èŠ‚ç‚¹ï¼Œç¿»å¢™æ¢¯å­ï¼Œç”µè„‘ã€æ‰‹æœºã€iOSã€å®‰å“ã€windowsã€Macã€Linuxã€è·¯ç”±å™¨ç¿»å¢™ã€ç§‘å­¦ä¸Šç½‘ã€youtubeè§†é¢‘ä¸‹è½½ã€youtubeæ²¹ç®¡é•œåƒ/å…ç¿»å¢™ç½‘ç«™ã€ç¾åŒºapple idå…±äº«è´¦å·ã€ç¿»å¢™-ç§‘å­¦ä¸Šç½‘-æ¢¯å­
awesome-mcp-servers,punkpeye,https://github.com/punkpeye/awesome-mcp-servers,66746,263,920,0,0,Unknown,102,74,0.7254901960784313,5380,A collection of MCP servers.
cs-self-learning,PKUFlyingPig,https://github.com/PKUFlyingPig/cs-self-learning,66582,1400,295,5,0,HTML,213,104,0.48826291079812206,7557,è®¡ç®—æœºè‡ªå­¦æŒ‡å—
LLMs-from-scratch,rasbt,https://github.com/rasbt/LLMs-from-scratch,66438,759,388,0,0,Jupyter Notebook,172,168,0.9767441860465116,9318,"Implement a ChatGPT-like LLM in PyTorch from scratch, step by step"
Chart.js,chartjs,https://github.com/chartjs/Chart.js,66400,4539,0,10000,0,JavaScript,0,0,0,11964,Simple HTML5 Charts using the <canvas> tag
obs-studio,obsproject,https://github.com/obsproject/obs-studio,66304,4341,0,10000,0,C,0,0,0,8627,OBS Studio - Free and open source software for live streaming and screen recording
caddy,caddyserver,https://github.com/caddyserver/caddy,66271,3872,0,10000,0,Go,0,0,0,4459,Fast and extensible multi-platform HTTP/1-2-3 web server with automatic HTTPS
localsend,localsend,https://github.com/localsend/localsend,66243,979,0,24,0,Dart,0,0,0,3535,An open-source cross-platform alternative to AirDrop
ansible,ansible,https://github.com/ansible/ansible,65981,4915,0,10000,0,Python,0,0,0,24055,"Ansible is a radically simple IT automation platform that makes your applications and systems easier to deploy and maintain. Automate everything from code deployment to network configuration to cloud management, in a language that approaches plain English, using SSH, with no agents to install on remote systems. https://docs.ansible.com."
awesome-cpp,fffaraz,https://github.com/fffaraz/awesome-cpp,65773,4052,0,0,0,Unknown,0,0,0,8076,"A curated list of awesome C++ (or C) frameworks, libraries, resources, and shiny things. Inspired by awesome-... stuff."
tabby,Eugeny,https://github.com/Eugeny/tabby,65622,3162,0,10000,0,TypeScript,0,0,0,3688,A terminal for a more modern age
33-js-concepts,leonardomso,https://github.com/leonardomso/33-js-concepts,65529,2542,0,0,0,JavaScript,0,0,0,9107,ğŸ“œ 33 JavaScript concepts every developer should know.
webpack,webpack,https://github.com/webpack/webpack,65494,4911,0,10000,0,JavaScript,0,0,0,9092,"A bundler for javascript and friends. Packs many modules into a few bundled assets. Code Splitting allows for loading parts of the application on demand. Through ""loaders"", modules can be CommonJs, AMD, ES6 modules, CSS, Images, JSON, Coffeescript, LESS, ... and your custom stuff."
uv,astral-sh,https://github.com/astral-sh/uv,65366,688,0,10000,0,Rust,0,0,0,1903,"An extremely fast Python package and project manager, written in Rust."
act,nektos,https://github.com/nektos/act,65227,2422,0,88,0,Go,0,0,0,1701,Run your GitHub Actions locally ğŸš€
servers,modelcontextprotocol,https://github.com/modelcontextprotocol/servers,65073,275,0,19,0,TypeScript,0,0,0,7587,Model Context Protocol Servers
